epoch,train_loss,train_acc,val_loss,val_acc,time
1,2.4194,0.1407,2.3735,0.0444,2.23
2,2.4504,0.1111,2.3740,0.0667,0.44
3,2.5539,0.1111,2.4044,0.0889,0.48
4,2.2724,0.1111,2.4058,0.1333,0.45
5,2.6493,0.1037,2.3981,0.0889,0.43
6,2.3556,0.1111,2.3877,0.0889,0.45
7,2.6070,0.1111,2.3832,0.1111,0.55
8,2.2853,0.1185,2.3778,0.1111,0.53
9,2.5044,0.1185,2.3805,0.0889,0.49
10,2.5269,0.1778,2.3730,0.0889,0.52
11,2.7487,0.0889,2.3817,0.0667,0.52
12,2.3242,0.1333,2.3733,0.0667,0.52
13,2.3203,0.0963,2.3719,0.0889,0.67
14,2.5486,0.0889,2.3764,0.0667,0.57
15,2.4658,0.0963,2.3638,0.0444,0.52
16,2.2504,0.1407,2.3610,0.0444,0.42
17,2.4816,0.1037,2.3463,0.0667,0.46
18,2.3698,0.0741,2.3410,0.0667,0.45
19,2.4774,0.1481,2.3363,0.0667,0.42
20,2.4545,0.1481,2.3300,0.0667,0.41
21,2.1521,0.0963,2.3282,0.0667,0.53
22,2.7296,0.1037,2.3150,0.0889,0.53
23,2.5458,0.1259,2.3124,0.0889,0.47
24,2.1931,0.1259,2.3017,0.0889,0.53
25,2.4597,0.1259,2.2854,0.1111,0.56
26,2.5604,0.1333,2.2814,0.0889,0.58
27,2.0732,0.1704,2.2666,0.1111,0.55
28,2.8335,0.1185,2.2713,0.1111,0.47
29,2.4879,0.1630,2.2523,0.1111,0.56
30,2.4862,0.0889,2.2428,0.1333,0.45
31,2.5330,0.1333,2.2389,0.1111,0.45
32,2.5581,0.1704,2.2212,0.1333,0.42
33,2.5627,0.1333,2.2140,0.1111,0.43
34,2.1877,0.1111,2.2021,0.1333,0.41
35,2.3346,0.1333,2.1891,0.1556,0.45
36,2.2882,0.1407,2.1935,0.1333,0.41
37,2.3542,0.1111,2.1829,0.1333,0.42
38,2.0653,0.2074,2.1839,0.1333,0.53
39,2.2853,0.1556,2.1684,0.1556,0.55
40,2.1359,0.1852,2.1512,0.1778,0.56
41,2.3028,0.2148,2.1526,0.1778,0.51
42,2.1422,0.2000,2.1370,0.1778,0.44
43,2.3214,0.1407,2.1350,0.1778,0.53
44,2.4229,0.1704,2.1254,0.1778,0.63
45,1.9323,0.2074,2.1071,0.1778,0.54
46,2.4713,0.1926,2.1098,0.1778,0.42
47,1.9492,0.1852,2.0966,0.1778,0.42
48,2.0673,0.2370,2.0960,0.1556,0.43
49,1.9951,0.2370,2.0759,0.2000,0.42
50,2.2335,0.1852,2.0565,0.2000,0.46
51,2.1489,0.2444,2.0537,0.2222,0.45
52,2.1566,0.1852,2.0341,0.2222,0.42
53,2.4286,0.1926,2.0371,0.2222,0.55
54,2.2450,0.1556,2.0266,0.2222,0.53
55,2.1712,0.1926,2.0132,0.2444,0.57
56,2.3425,0.1630,2.0127,0.2222,0.46
57,2.0010,0.1333,1.9993,0.2667,0.42
58,1.9609,0.1852,1.9958,0.2667,0.45
59,2.0142,0.2519,1.9851,0.2667,0.43
60,2.2000,0.1852,1.9698,0.2667,0.45
61,2.0104,0.2444,1.9721,0.2667,0.43
62,2.0405,0.2741,1.9570,0.2444,0.51
63,2.0236,0.2815,1.9598,0.2667,0.44
64,2.0638,0.2370,1.9494,0.2667,0.44
65,2.3919,0.1926,1.9322,0.2889,0.43
66,2.0701,0.2963,1.9369,0.2889,0.43
67,1.9154,0.2296,1.9254,0.2889,0.62
68,2.0733,0.2963,1.9212,0.2889,0.54
69,2.1461,0.2444,1.9083,0.2889,0.55
70,2.2366,0.1852,1.8911,0.3333,0.51
71,1.9237,0.2296,1.9005,0.2889,0.47
72,1.9661,0.2370,1.8896,0.3333,0.42
73,1.9007,0.2148,1.8962,0.3111,0.43
74,2.0434,0.2667,1.8816,0.3333,0.43
75,2.1838,0.2000,1.8711,0.3333,0.42
76,1.9826,0.2000,1.8758,0.3556,0.43
77,2.0007,0.3185,1.8638,0.3778,0.42
78,2.1073,0.2519,1.8569,0.3778,0.45
79,1.6862,0.3556,1.8461,0.3778,0.45
80,2.0474,0.2741,1.8306,0.3778,0.52
81,1.7661,0.3481,1.8328,0.3778,0.60
82,2.0626,0.2519,1.8287,0.3778,0.55
83,2.0946,0.2963,1.8215,0.3778,0.41
84,1.9424,0.3111,1.8140,0.3556,0.40
85,2.0243,0.2593,1.8036,0.3556,0.42
86,2.1363,0.2815,1.8062,0.3556,0.44
87,1.7077,0.3481,1.7942,0.3556,0.42
88,1.8393,0.3481,1.8006,0.3778,0.42
89,2.0349,0.3333,1.7922,0.3556,0.42
90,2.0021,0.2889,1.7756,0.3556,0.43
91,2.0318,0.3407,1.7714,0.3556,0.42
92,1.5608,0.3259,1.7697,0.3556,0.45
93,1.8718,0.2963,1.7669,0.3556,0.57
94,1.8637,0.3481,1.7512,0.3778,0.56
95,1.7786,0.3111,1.7449,0.3778,0.57
96,1.7448,0.3556,1.7474,0.3778,0.64
97,1.6967,0.3259,1.7355,0.4000,0.58
98,1.7922,0.3333,1.7363,0.4222,0.56
99,1.8761,0.3259,1.7213,0.4444,0.50
100,1.6169,0.3259,1.7080,0.4222,0.45
101,1.8737,0.4667,1.7151,0.4444,0.44
102,1.9391,0.3185,1.7001,0.4444,0.43
103,1.6404,0.3926,1.7046,0.4444,0.41
104,1.7434,0.3259,1.6943,0.4667,0.40
105,1.6230,0.3926,1.6891,0.4667,0.41
106,1.8726,0.4222,1.6910,0.4444,0.51
107,1.5536,0.3481,1.6661,0.4889,0.54
108,1.7645,0.3556,1.6742,0.4444,0.61
109,1.7163,0.3556,1.6589,0.4889,0.52
110,1.8883,0.3333,1.6497,0.4889,0.41
111,1.7169,0.4148,1.6516,0.4889,0.57
112,1.8049,0.4222,1.6424,0.4667,0.55
113,1.9430,0.4370,1.6426,0.4667,0.43
114,1.9647,0.3333,1.6333,0.4667,0.41
115,1.8787,0.2963,1.6261,0.4667,0.42
116,1.7858,0.4444,1.6350,0.4444,0.42
117,1.7995,0.4000,1.6242,0.4667,0.44
118,1.9221,0.3556,1.6350,0.4222,0.44
119,1.7427,0.4074,1.6315,0.4000,0.42
120,1.8439,0.4148,1.6312,0.4000,0.53
121,1.6242,0.4296,1.6187,0.4000,0.59
122,1.4979,0.4074,1.6131,0.4222,0.56
123,1.7221,0.4222,1.6132,0.4222,0.47
124,1.7622,0.4222,1.6049,0.4222,0.40
125,1.4726,0.4667,1.6020,0.4000,0.40
126,1.4737,0.4370,1.5896,0.4444,0.43
127,1.5118,0.4815,1.5917,0.4667,0.47
128,1.3649,0.5111,1.5813,0.4667,0.42
129,1.8295,0.4815,1.5905,0.4222,0.42
130,1.6194,0.5111,1.5812,0.4444,0.41
131,1.8567,0.4593,1.5810,0.4444,0.42
132,1.4386,0.4593,1.5721,0.4444,0.40
133,1.6239,0.4519,1.5582,0.4444,0.47
134,1.6103,0.4000,1.5517,0.4667,0.53
135,1.7561,0.4815,1.5487,0.4667,0.54
136,1.6196,0.3926,1.5405,0.4667,0.62
137,1.7041,0.4889,1.5320,0.4444,0.44
138,1.8005,0.4148,1.5227,0.4444,0.42
139,1.6126,0.4741,1.5177,0.4444,0.43
140,1.5245,0.4889,1.5095,0.4667,0.42
141,1.4718,0.4889,1.5028,0.4667,0.46
142,1.4906,0.4963,1.4935,0.4889,0.42
143,1.3748,0.4815,1.4927,0.4667,0.41
144,1.7863,0.4815,1.4847,0.4889,0.42
145,1.4864,0.5037,1.4676,0.4889,0.42
146,1.8017,0.4741,1.4677,0.4667,0.48
147,1.5896,0.5481,1.4563,0.4667,0.52
148,1.7106,0.5111,1.4650,0.4444,0.56
149,1.7717,0.4963,1.4532,0.4667,0.55
150,1.5702,0.5185,1.4564,0.4889,0.42
151,1.5095,0.4889,1.4519,0.4444,0.43
152,1.4136,0.5481,1.4360,0.4444,0.41
153,1.5527,0.4815,1.4362,0.4667,0.41
154,1.5153,0.5630,1.4268,0.4889,0.41
155,1.3963,0.4963,1.4211,0.4889,0.46
156,1.4493,0.4963,1.4287,0.4444,0.43
157,1.5325,0.5185,1.4205,0.5333,0.40
158,1.4894,0.5926,1.4193,0.5111,0.42
159,1.2857,0.6370,1.4183,0.5333,0.49
160,1.3504,0.5407,1.4139,0.5111,0.55
161,1.4650,0.4963,1.4041,0.4889,0.55
162,1.5365,0.5926,1.3996,0.4667,0.54
163,1.6768,0.5778,1.3996,0.4667,0.52
164,1.4765,0.6074,1.4017,0.4889,0.45
165,1.1787,0.4963,1.4037,0.5111,0.43
166,1.5556,0.5407,1.3890,0.5333,0.41
167,1.5371,0.5111,1.3863,0.5111,0.42
168,1.3328,0.5852,1.3793,0.5111,0.42
169,1.2443,0.5333,1.3748,0.5111,0.44
170,1.4502,0.5556,1.3663,0.5111,0.41
171,1.4841,0.4741,1.3669,0.5333,0.42
172,1.1818,0.5630,1.3540,0.5333,0.42
173,1.6539,0.6000,1.3567,0.5556,0.55
174,1.2628,0.6444,1.3471,0.5333,0.57
175,1.2460,0.6889,1.3435,0.5333,0.55
176,1.0352,0.5481,1.3430,0.5556,0.58
177,1.5202,0.5037,1.3350,0.5111,0.42
178,1.4372,0.5481,1.3367,0.5111,0.49
179,1.6628,0.5111,1.3391,0.5333,0.46
180,1.6172,0.5556,1.3399,0.5333,0.44
181,1.3189,0.5111,1.3215,0.6000,0.42
182,1.0812,0.6074,1.3177,0.5333,0.43
183,1.4307,0.6148,1.3187,0.5778,0.51
184,1.3838,0.5111,1.3168,0.5556,0.43
185,1.2778,0.5778,1.3200,0.5778,0.40
186,1.3604,0.6148,1.3170,0.5778,0.41
187,1.1997,0.6222,1.3182,0.5778,0.49
188,1.3892,0.6000,1.3157,0.5556,0.53
189,1.1720,0.6593,1.3051,0.5556,0.55
190,1.4682,0.5926,1.3062,0.5778,0.54
191,1.4103,0.5778,1.3037,0.5778,0.42
192,1.5198,0.6148,1.3042,0.5778,0.44
193,1.4296,0.5926,1.3012,0.5556,0.43
194,1.3183,0.6444,1.3012,0.5556,0.43
195,1.1772,0.6593,1.2977,0.5333,0.42
196,1.4895,0.6074,1.2972,0.5111,0.43
197,1.1351,0.6444,1.2947,0.5333,0.41
198,1.2713,0.6444,1.2987,0.5333,0.41
199,1.1432,0.6889,1.2998,0.5333,0.42
200,1.3097,0.5926,1.2980,0.5333,0.53
201,1.1624,0.7037,1.2914,0.5556,0.56
202,1.4087,0.6667,1.2848,0.5333,0.60
203,1.2013,0.6444,1.2754,0.5333,0.54
204,1.0454,0.6815,1.2683,0.5333,0.54
205,1.3348,0.6148,1.2677,0.5333,0.40
206,0.9977,0.6889,1.2597,0.5556,0.43
207,1.1811,0.6667,1.2619,0.5778,0.42
208,1.3218,0.6444,1.2653,0.5333,0.45
209,1.5769,0.6000,1.2527,0.5333,0.44
210,1.3300,0.6148,1.2359,0.5556,0.43
211,1.1267,0.6519,1.2360,0.5556,0.44
212,1.1119,0.6000,1.2399,0.5556,0.41
213,1.4711,0.6222,1.2349,0.5556,0.41
214,0.9854,0.6741,1.2175,0.5556,0.50
215,1.3588,0.6519,1.2069,0.5556,0.54
216,1.3171,0.6519,1.2130,0.5778,0.53
217,1.0028,0.6593,1.2096,0.5778,0.55
218,1.1550,0.7111,1.2131,0.5778,0.50
219,1.0851,0.6815,1.2149,0.5778,0.41
220,1.1047,0.6519,1.2093,0.5778,0.46
221,1.3615,0.6370,1.2119,0.5556,0.45
222,1.3324,0.6370,1.2199,0.5778,0.43
223,1.1559,0.6296,1.2220,0.5556,0.42
224,1.3397,0.7333,1.2273,0.5556,0.42
225,1.5104,0.6370,1.2119,0.6000,0.40
226,1.0362,0.7407,1.2160,0.5778,0.50
227,1.1832,0.6741,1.2109,0.5778,0.44
228,1.3334,0.6815,1.2044,0.5556,0.50
229,0.9387,0.6667,1.2040,0.5778,0.54
230,1.0919,0.6963,1.2063,0.5778,0.61
231,1.0140,0.7333,1.2080,0.5778,0.55
232,1.2296,0.6667,1.1999,0.5778,0.48
233,1.1729,0.6889,1.1990,0.6000,0.41
234,1.0256,0.7481,1.1923,0.5556,0.42
235,0.8351,0.7704,1.1911,0.6000,0.42
236,1.1232,0.7037,1.1930,0.5556,0.47
237,1.2082,0.6815,1.1895,0.5333,0.41
238,0.9261,0.6667,1.1861,0.5333,0.43
239,1.2305,0.7037,1.1708,0.5556,0.44
240,1.0717,0.7407,1.1570,0.5778,0.42
241,1.1482,0.7185,1.1587,0.5778,0.44
242,1.1430,0.6963,1.1571,0.6000,0.52
243,1.2522,0.6667,1.1493,0.6000,0.53
244,0.9801,0.7185,1.1291,0.6222,0.54
245,0.9498,0.7481,1.1324,0.6222,0.55
246,0.9188,0.6889,1.1328,0.6222,0.48
247,0.9481,0.6963,1.1331,0.6000,0.50
248,1.0809,0.7037,1.1302,0.6222,0.50
249,0.9495,0.7481,1.1296,0.6000,0.51
250,0.9464,0.7704,1.1487,0.6000,0.61
251,1.1599,0.6889,1.1402,0.6222,0.60
252,0.9431,0.6963,1.1375,0.6000,0.47
253,0.8591,0.7556,1.1292,0.6000,0.59
254,1.1278,0.7481,1.1266,0.6222,0.64
255,1.0482,0.7556,1.1184,0.6222,0.56
256,1.0756,0.6667,1.1104,0.6444,0.56
257,1.2119,0.7704,1.1085,0.6222,0.48
258,0.8647,0.7259,1.1092,0.6222,0.52
259,0.9957,0.7630,1.1016,0.6000,0.48
260,1.0246,0.7185,1.1103,0.6222,0.50
261,0.9424,0.7556,1.1114,0.6444,0.61
262,0.8836,0.7407,1.1185,0.6444,0.58
263,0.8446,0.7556,1.1101,0.6444,0.73
264,0.9151,0.7481,1.1058,0.6444,0.64
265,1.0865,0.7037,1.1105,0.6222,0.53
266,0.7415,0.7333,1.1059,0.6000,0.44
267,0.8084,0.7778,1.1208,0.6222,0.48
268,0.9197,0.7037,1.1025,0.6222,0.49
269,0.8019,0.7852,1.1145,0.6667,0.42
270,0.8885,0.7630,1.1460,0.6000,0.44
271,0.9345,0.7778,1.1373,0.6000,0.46
272,0.9276,0.7852,1.1343,0.5778,0.44
273,0.9182,0.7704,1.1312,0.5778,0.46
274,0.8895,0.7556,1.1410,0.6000,0.41
275,0.8159,0.7407,1.1366,0.6222,0.43
276,0.6127,0.8222,1.1476,0.6000,0.58
277,0.9700,0.7481,1.1316,0.6222,0.55
278,0.7347,0.8370,1.1468,0.6222,0.56
279,0.8842,0.8074,1.1529,0.6000,0.55
1,2.6054,0.0889,2.2423,0.1333,1.16
2,2.4123,0.0963,2.2655,0.1111,0.66
3,2.5436,0.1407,2.2815,0.0889,0.63
4,2.4937,0.1333,2.2831,0.0889,0.64
5,2.4272,0.0667,2.2693,0.1111,0.75
6,2.5765,0.0889,2.2721,0.1333,0.54
7,2.3613,0.1778,2.2647,0.1333,0.47
8,2.5172,0.1407,2.2518,0.1333,0.45
9,2.3966,0.1333,2.2475,0.1333,0.44
10,2.2477,0.1407,2.2343,0.1111,0.45
11,2.5556,0.1333,2.2249,0.1333,0.46
12,2.5716,0.1185,2.2148,0.1333,0.43
13,2.2136,0.1333,2.1975,0.1111,0.43
14,2.4559,0.1111,2.1885,0.1333,0.47
15,2.3726,0.1111,2.1697,0.1333,0.62
16,2.3424,0.1259,2.1602,0.1556,0.61
17,2.3592,0.1185,2.1543,0.1556,0.60
18,2.5382,0.1704,2.1386,0.1778,0.52
19,2.4041,0.1185,2.1259,0.1778,0.60
20,2.4366,0.1852,2.1041,0.2000,0.52
21,2.3169,0.1333,2.0941,0.1778,0.47
22,2.3657,0.1704,2.0867,0.2222,0.46
23,2.2876,0.1556,2.0673,0.2444,0.44
24,2.2663,0.1630,2.0647,0.2000,0.44
25,2.3600,0.1556,2.0372,0.2222,0.49
26,2.3351,0.1481,2.0336,0.2222,0.50
27,2.1670,0.2444,2.0276,0.2000,0.57
28,2.2480,0.1704,2.0030,0.2889,0.64
29,2.1531,0.2000,1.9961,0.3111,0.62
30,2.0017,0.2741,1.9771,0.3333,0.60
31,2.1354,0.2148,1.9736,0.3111,0.56
32,2.2605,0.1852,1.9679,0.3111,0.44
33,2.1730,0.2074,1.9507,0.3333,0.44
34,1.9078,0.2741,1.9434,0.3333,0.44
35,2.1884,0.2148,1.9170,0.3333,0.45
36,2.3357,0.1630,1.9164,0.3333,0.51
37,2.2882,0.2222,1.9025,0.3556,0.43
38,2.0051,0.2000,1.8815,0.3333,0.45
39,2.0463,0.1926,1.8716,0.3333,0.44
40,1.9888,0.2296,1.8594,0.3333,0.43
41,2.1474,0.2074,1.8462,0.3333,0.56
42,2.0263,0.2000,1.8380,0.3333,0.60
43,2.0287,0.2222,1.8209,0.3333,0.60
44,1.9976,0.2370,1.8180,0.3333,0.62
45,2.2007,0.2815,1.7989,0.3778,0.52
46,1.9535,0.2296,1.7947,0.3778,0.43
47,2.0920,0.2370,1.7892,0.4000,0.47
48,2.1421,0.2741,1.7661,0.4222,0.43
49,1.9677,0.2222,1.7606,0.4444,0.45
50,2.0457,0.2593,1.7515,0.4667,0.45
51,2.1050,0.2667,1.7409,0.4222,0.50
52,2.2020,0.2519,1.7265,0.4222,0.43
53,1.9066,0.2741,1.7005,0.4222,0.45
54,2.0588,0.3037,1.6880,0.4222,0.56
55,1.7657,0.3185,1.6736,0.4222,0.54
56,1.8565,0.3407,1.6650,0.4222,0.59
57,2.0002,0.3259,1.6562,0.4444,0.60
58,2.1148,0.2889,1.6314,0.4222,0.52
59,1.9060,0.2593,1.6338,0.4444,0.46
60,2.0462,0.3407,1.6180,0.4444,0.48
61,1.9571,0.3333,1.6107,0.4889,0.45
62,1.8587,0.3259,1.6038,0.4667,0.50
63,1.8068,0.3407,1.5883,0.4444,0.45
64,1.8083,0.3926,1.5807,0.4444,0.43
65,1.9108,0.3481,1.5695,0.4444,0.44
66,1.9583,0.3111,1.5681,0.4667,0.44
67,1.9127,0.3111,1.5641,0.4667,0.54
68,1.7438,0.4222,1.5492,0.4444,0.58
69,1.8854,0.3778,1.5434,0.4667,0.57
70,1.8768,0.3778,1.5271,0.4667,0.57
71,1.7548,0.3333,1.5093,0.4889,0.61
72,1.8602,0.3185,1.5037,0.4889,0.42
73,1.6795,0.4296,1.4871,0.4667,0.44
74,1.8212,0.3778,1.4814,0.4667,0.53
75,1.9408,0.3333,1.4766,0.4667,0.50
76,1.5216,0.4296,1.4781,0.4667,0.44
77,1.6780,0.3852,1.4689,0.4667,0.52
78,1.7025,0.4222,1.4555,0.4667,0.43
79,1.6919,0.4222,1.4460,0.4667,0.45
80,1.7425,0.4370,1.4342,0.4667,0.45
81,1.6188,0.4074,1.4327,0.4667,0.44
82,1.7793,0.4222,1.4173,0.4667,0.57
83,1.6137,0.3556,1.4166,0.4667,0.63
84,1.5844,0.3704,1.4120,0.4667,0.63
85,1.5664,0.4074,1.3990,0.5111,0.58
86,1.6527,0.4148,1.3937,0.5111,0.51
87,1.5539,0.5333,1.3831,0.5111,0.47
88,1.7882,0.4000,1.3724,0.5333,0.48
89,1.7102,0.4222,1.3701,0.5111,0.45
90,1.4678,0.4815,1.3591,0.5111,0.43
91,1.6615,0.4074,1.3639,0.5111,0.50
92,1.5686,0.5037,1.3605,0.5333,0.43
93,1.5084,0.5481,1.3534,0.5333,0.43
94,1.5085,0.5111,1.3465,0.5333,0.44
95,1.5283,0.4963,1.3343,0.5556,0.56
96,1.4648,0.5259,1.3333,0.5556,0.56
97,1.4112,0.5481,1.3231,0.5556,0.63
98,1.5014,0.4815,1.3045,0.5556,0.60
99,1.4933,0.4519,1.3009,0.5556,0.50
100,1.5046,0.5407,1.2972,0.5556,0.45
101,1.6703,0.4296,1.2905,0.5556,0.49
102,1.4584,0.4370,1.2824,0.5556,0.43
103,1.5603,0.5037,1.2761,0.5778,0.43
104,1.4691,0.4815,1.2746,0.5778,0.44
105,1.5017,0.5778,1.2540,0.6000,0.43
106,1.5558,0.5704,1.2443,0.5556,0.50
107,1.3773,0.5852,1.2361,0.5556,0.43
108,1.3045,0.5852,1.2145,0.5778,0.46
109,1.4247,0.5259,1.2180,0.6000,0.61
110,1.4007,0.5926,1.2025,0.6222,0.54
111,1.4609,0.5556,1.2045,0.6222,0.59
112,1.4506,0.5630,1.2036,0.6222,0.58
113,1.4010,0.5556,1.1966,0.6222,0.52
114,1.1942,0.6444,1.1880,0.6222,0.48
115,1.4031,0.5037,1.1785,0.6222,0.46
116,1.3578,0.5778,1.1698,0.6222,0.44
117,1.1875,0.5926,1.1635,0.6222,0.45
118,1.3477,0.5630,1.1476,0.6222,0.43
119,1.4651,0.6296,1.1489,0.6444,0.43
120,1.3951,0.5704,1.1391,0.6667,0.43
121,1.3236,0.5778,1.1367,0.6000,0.48
122,1.2851,0.5778,1.1217,0.6444,0.56
123,1.3447,0.5630,1.1271,0.6444,0.59
124,1.1088,0.6074,1.1211,0.6222,0.62
125,1.2217,0.6222,1.1286,0.6444,0.60
126,1.1598,0.6148,1.1199,0.6444,0.53
127,1.1578,0.6074,1.1027,0.6222,0.44
128,1.3090,0.6667,1.1077,0.6222,0.45
129,1.1746,0.6741,1.0964,0.6444,0.44
130,1.1315,0.6593,1.0861,0.6667,0.44
131,1.1766,0.6593,1.0826,0.6444,0.46
132,1.1076,0.7185,1.0867,0.6667,0.46
133,1.4076,0.5926,1.0903,0.6000,0.43
134,1.3296,0.6222,1.0819,0.6444,0.43
135,1.3759,0.6370,1.0612,0.6444,0.43
136,1.2415,0.5852,1.0531,0.6444,0.59
137,1.2332,0.6148,1.0422,0.6667,0.59
138,1.2236,0.6370,1.0215,0.6667,0.58
139,1.0813,0.6963,1.0300,0.6889,0.56
140,1.0507,0.6741,1.0203,0.6889,0.58
141,1.1252,0.6593,1.0255,0.6889,0.47
142,1.1028,0.6519,1.0261,0.6667,0.44
143,0.9703,0.7111,1.0245,0.6444,0.43
144,1.0585,0.6963,1.0167,0.6667,0.45
145,1.1624,0.6370,0.9974,0.6444,0.44
146,1.1191,0.6889,1.0029,0.6444,0.45
147,1.2463,0.6667,1.0018,0.6667,0.43
148,1.0940,0.7111,0.9903,0.6444,0.43
149,1.0525,0.7037,0.9949,0.6444,0.47
150,1.1331,0.6741,0.9860,0.6667,0.57
151,1.1625,0.6593,0.9901,0.6667,0.61
152,1.2372,0.7111,0.9813,0.6667,0.65
153,0.9775,0.7185,0.9564,0.6667,0.60
154,0.9814,0.6593,0.9565,0.6667,0.54
155,1.1564,0.7185,0.9512,0.6889,0.42
156,1.1349,0.6593,0.9493,0.6667,0.44
157,0.8977,0.7111,0.9407,0.6667,0.46
158,1.0251,0.8000,0.9105,0.7111,0.46
159,0.9360,0.6963,0.8958,0.6889,0.46
160,1.0265,0.7037,0.8772,0.7111,0.43
161,0.9734,0.7630,0.8798,0.7111,0.58
162,1.1357,0.7630,0.8919,0.6889,0.48
163,0.9619,0.7259,0.8825,0.7111,0.48
164,0.9449,0.7481,0.8934,0.6444,0.44
165,0.9241,0.7926,0.8961,0.6667,0.51
166,1.1588,0.7407,0.8992,0.6889,0.53
167,0.9989,0.7259,0.8843,0.6667,0.65
168,0.9858,0.7630,0.8770,0.6444,0.60
169,0.8041,0.7630,0.8804,0.6444,0.58
170,0.8362,0.7926,0.8875,0.6222,0.47
171,0.9464,0.7926,0.8873,0.6444,0.46
172,0.8363,0.7037,0.8894,0.6667,0.45
173,1.0957,0.7778,0.8997,0.6222,0.44
174,0.8826,0.8074,0.9120,0.6000,0.44
175,0.9333,0.7926,0.9297,0.6000,0.44
176,0.8713,0.7852,0.8950,0.6222,0.43
177,0.7655,0.8074,0.8821,0.6444,0.47
178,0.8349,0.7926,0.8881,0.6667,0.42
179,0.9151,0.7778,0.8788,0.6667,0.55
180,0.7700,0.8296,0.8889,0.6667,0.58
181,0.9205,0.8222,0.8873,0.6667,0.60
182,0.8005,0.8074,0.9002,0.6444,0.59
183,0.9240,0.7852,0.8818,0.6667,0.63
184,0.7776,0.8222,0.8741,0.6667,0.47
185,0.7297,0.7926,0.8542,0.6667,0.46
186,0.8769,0.7852,0.8594,0.6667,0.44
187,0.7517,0.7704,0.8563,0.6667,0.45
188,0.7964,0.8074,0.8454,0.6667,0.44
189,0.5566,0.8667,0.8464,0.6667,0.44
190,0.7085,0.8148,0.8478,0.6667,0.45
191,0.8891,0.8074,0.8513,0.6667,0.43
192,0.6366,0.8370,0.8406,0.6667,0.43
193,0.7019,0.8370,0.8503,0.6667,0.49
194,0.7194,0.7926,0.8575,0.6667,0.55
195,0.7092,0.8148,0.8640,0.6667,0.60
196,0.8615,0.8444,0.8598,0.6667,0.59
197,0.8713,0.8222,0.8554,0.6667,0.57
198,0.6923,0.8444,0.8334,0.6444,0.60
199,0.8754,0.7333,0.8259,0.6667,0.45
200,0.7631,0.7778,0.8312,0.6667,0.47
201,0.9223,0.8000,0.8407,0.6667,0.43
202,0.6674,0.8296,0.8375,0.6889,0.44
203,0.6664,0.8000,0.8350,0.6889,0.45
204,0.7581,0.8222,0.8366,0.6889,0.46
205,0.8563,0.8148,0.8340,0.6667,0.43
206,0.6497,0.8370,0.8280,0.6889,0.44
207,0.6501,0.8148,0.8211,0.7333,0.51
208,0.5314,0.8889,0.8074,0.7333,0.57
209,0.5639,0.8519,0.8186,0.7111,0.67
210,0.6869,0.8296,0.8016,0.7111,0.59
211,0.6124,0.8815,0.7995,0.7111,0.66
212,0.6137,0.8296,0.8115,0.7111,0.50
213,0.5669,0.8593,0.8274,0.7111,0.46
214,0.5804,0.8593,0.8307,0.7111,0.52
215,0.6674,0.8370,0.8335,0.7111,0.45
216,0.5553,0.8593,0.8406,0.6889,0.44
217,0.5990,0.8815,0.8378,0.7111,0.46
218,0.7420,0.8370,0.8392,0.7111,0.47
219,0.6426,0.8148,0.8190,0.6889,0.44
220,0.7967,0.8519,0.8215,0.6667,0.47
221,0.6710,0.8667,0.8110,0.6667,0.59
222,0.7076,0.8222,0.8166,0.6667,0.53
223,0.7038,0.8222,0.8109,0.6444,0.55
224,0.5994,0.8370,0.7990,0.6667,0.61
225,0.5805,0.8667,0.7971,0.6889,0.52
226,0.6437,0.8296,0.8051,0.6667,0.44
227,0.7082,0.8519,0.8033,0.6889,0.46
228,0.6064,0.8815,0.8215,0.6667,0.45
229,0.6310,0.8667,0.8293,0.6667,0.48
230,0.5002,0.9037,0.8314,0.6889,0.46
231,0.4447,0.9556,0.8282,0.6889,0.43
232,0.5697,0.8370,0.8305,0.6889,0.43
233,0.5817,0.8667,0.8296,0.6889,0.44
234,0.4661,0.8889,0.8188,0.6667,0.53
235,0.5618,0.8370,0.8368,0.6667,0.59
236,0.6685,0.8815,0.8322,0.6889,0.56
237,0.5743,0.8667,0.8379,0.6889,0.57
238,0.4254,0.9185,0.8235,0.7111,0.64
239,0.5691,0.8889,0.8147,0.6889,0.55
240,0.6675,0.8667,0.8112,0.6667,0.42
241,0.5430,0.9037,0.8288,0.6889,0.44
242,0.4915,0.8667,0.8199,0.6889,0.45
243,0.4069,0.9259,0.8231,0.6667,0.44
244,0.4285,0.9259,0.8366,0.6889,0.45
245,0.4961,0.9111,0.8544,0.6667,0.43
1,2.5640,0.0963,2.4004,0.0889,1.07
2,2.2178,0.1185,2.4331,0.1111,0.48
3,2.4648,0.1259,2.4738,0.0444,0.46
4,2.3499,0.1259,2.4810,0.0444,0.46
5,2.5608,0.0667,2.4726,0.0444,0.43
6,2.5171,0.0889,2.4690,0.0444,0.64
7,2.4896,0.1185,2.4630,0.0444,0.56
8,2.3305,0.1111,2.4489,0.0444,0.61
9,2.3115,0.1185,2.4461,0.0222,0.57
10,2.4772,0.1778,2.4267,0.0222,0.58
11,2.4025,0.1481,2.4238,0.0222,0.59
12,2.3049,0.1333,2.4057,0.0667,0.57
13,2.2150,0.1704,2.3844,0.0667,0.48
14,2.3465,0.1185,2.3794,0.0667,0.44
15,2.3334,0.1556,2.3553,0.0667,0.49
16,2.2370,0.1481,2.3491,0.0667,0.44
17,2.4788,0.1333,2.3361,0.0889,0.45
18,2.2267,0.2296,2.3099,0.0889,0.43
19,2.3529,0.0889,2.2971,0.1556,0.44
20,2.1402,0.2296,2.2728,0.1333,0.49
21,2.3164,0.1556,2.2656,0.1556,0.44
22,2.2616,0.1481,2.2625,0.1556,0.50
23,2.2320,0.1926,2.2304,0.1556,0.53
24,2.2892,0.1556,2.2214,0.1778,0.58
25,2.1453,0.2222,2.1857,0.1556,0.63
26,2.3716,0.1778,2.1813,0.1556,0.62
27,2.2291,0.2074,2.1739,0.1778,0.58
28,2.4877,0.1852,2.1523,0.2000,0.41
29,2.2530,0.2296,2.1377,0.1778,0.45
30,2.4478,0.1704,2.1107,0.1778,0.43
31,2.0749,0.2296,2.1021,0.2000,0.45
32,2.0479,0.2889,2.0970,0.2222,0.44
33,2.1057,0.2593,2.0708,0.2000,0.43
34,2.1512,0.2148,2.0571,0.2000,0.45
35,2.0876,0.2667,2.0306,0.2444,0.45
36,2.1431,0.2074,2.0256,0.2444,0.57
37,1.9169,0.2667,2.0162,0.2667,0.56
38,2.1345,0.2667,1.9911,0.2444,0.57
39,2.1908,0.2000,1.9795,0.2889,0.62
40,2.0045,0.3037,1.9471,0.2667,0.58
41,2.1157,0.2148,1.9445,0.2889,0.61
42,2.0427,0.2222,1.9432,0.3111,0.53
43,2.0240,0.2222,1.9139,0.3111,0.46
44,1.9961,0.2889,1.9126,0.2889,0.47
45,2.0011,0.2593,1.8894,0.3111,0.49
46,1.9731,0.2815,1.8925,0.3333,0.45
47,2.0062,0.3037,1.8929,0.3333,0.43
48,1.9043,0.2222,1.8688,0.3778,0.43
49,1.9660,0.2963,1.8709,0.3556,0.44
50,1.8876,0.3704,1.8509,0.3556,0.53
51,1.8329,0.3259,1.8439,0.3778,0.61
52,1.9438,0.3481,1.8427,0.3778,0.60
53,1.9417,0.3111,1.8211,0.3556,0.58
54,1.9648,0.2815,1.8205,0.3778,0.58
55,1.9756,0.3333,1.8008,0.4000,0.42
56,1.7484,0.3259,1.7906,0.3778,0.44
57,1.8061,0.4000,1.7846,0.3778,0.46
58,2.0503,0.3185,1.7662,0.3556,0.44
59,1.9583,0.3333,1.7704,0.3556,0.44
60,1.9545,0.2963,1.7575,0.4222,0.47
61,2.0461,0.3185,1.7541,0.4000,0.46
62,1.7658,0.3630,1.7433,0.4222,0.44
63,1.8618,0.2667,1.7281,0.4000,0.50
64,1.6444,0.4222,1.7264,0.3778,0.59
65,1.8496,0.3630,1.7057,0.3778,0.56
66,1.7380,0.3704,1.6967,0.3778,0.56
67,1.8868,0.3185,1.6926,0.3778,0.55
68,1.7567,0.3926,1.6789,0.4000,0.61
69,1.8615,0.3407,1.6716,0.4222,0.49
70,1.7421,0.4000,1.6477,0.4222,0.46
71,1.6837,0.4222,1.6478,0.3778,0.46
72,1.8966,0.3926,1.6426,0.4000,0.47
73,1.7479,0.3481,1.6193,0.4222,0.48
74,1.5566,0.4963,1.6160,0.4222,0.44
75,1.6829,0.3926,1.5986,0.4444,0.44
76,1.7706,0.4148,1.5852,0.4444,0.44
77,1.7261,0.4148,1.5796,0.4222,0.45
78,1.7803,0.4741,1.5580,0.4444,0.54
79,1.6575,0.4519,1.5540,0.4444,0.68
80,1.7331,0.4000,1.5402,0.4444,0.59
81,1.7475,0.4889,1.5485,0.4667,0.58
82,1.6349,0.4296,1.5369,0.4667,0.60
83,1.7463,0.5481,1.5320,0.4667,0.56
84,1.5841,0.4593,1.5194,0.4444,0.56
85,1.4999,0.4370,1.4974,0.4667,0.47
86,1.5008,0.4741,1.4912,0.4667,0.45
87,1.5967,0.4889,1.4903,0.4444,0.49
88,1.5957,0.5111,1.4787,0.4667,0.49
89,1.5383,0.4519,1.4785,0.4667,0.44
90,1.6243,0.4815,1.4638,0.4889,0.44
91,1.6442,0.4593,1.4557,0.4889,0.44
92,1.4655,0.5333,1.4582,0.4889,0.44
93,1.4998,0.4889,1.4398,0.5111,0.48
94,1.4256,0.5037,1.4426,0.4889,0.58
95,1.4197,0.5704,1.4131,0.5111,0.66
96,1.4768,0.5111,1.4124,0.4889,0.59
97,1.3788,0.5778,1.4070,0.4889,0.57
98,1.4713,0.5333,1.3786,0.5111,0.61
99,1.4652,0.6000,1.3787,0.4889,0.52
100,1.3814,0.6222,1.3489,0.5111,0.44
101,1.4419,0.6444,1.3414,0.5333,0.45
102,1.2578,0.6000,1.3456,0.5333,0.44
103,1.6635,0.5556,1.3351,0.5111,0.47
104,1.3290,0.5630,1.3214,0.5333,0.45
105,1.3577,0.5259,1.2953,0.5556,0.48
106,1.4837,0.5333,1.2965,0.5333,0.45
107,1.2097,0.5852,1.2926,0.5556,0.43
108,1.4129,0.6222,1.2829,0.5333,0.52
109,1.4599,0.5778,1.2794,0.5333,0.55
110,1.3342,0.5926,1.2612,0.4889,0.61
111,1.3886,0.6000,1.2607,0.4889,0.57
112,1.3298,0.5704,1.2450,0.4889,0.60
113,1.4392,0.5704,1.2234,0.5556,0.63
114,1.1449,0.6222,1.2165,0.5556,0.49
115,1.4186,0.5778,1.2011,0.6000,0.45
116,1.2225,0.5778,1.2029,0.6000,0.46
117,1.2130,0.6519,1.1964,0.6444,0.46
118,1.3044,0.6074,1.1856,0.6444,0.47
119,1.2902,0.6296,1.1856,0.6667,0.45
120,1.2293,0.6741,1.1799,0.6667,0.45
121,1.2341,0.6593,1.1677,0.6889,0.46
122,1.1988,0.6741,1.1639,0.6889,0.46
123,1.2931,0.6963,1.1539,0.6667,0.46
124,1.1803,0.6000,1.1516,0.6444,0.64
125,1.2083,0.6889,1.1462,0.6222,0.57
126,1.1474,0.6296,1.1538,0.6444,0.56
127,1.0740,0.6815,1.1552,0.6444,0.61
128,1.0261,0.6667,1.1543,0.6222,0.60
129,1.1348,0.6741,1.1628,0.6000,0.59
130,1.2199,0.6519,1.1501,0.6000,0.42
131,1.0969,0.7185,1.1550,0.6000,0.44
132,1.1294,0.6741,1.1502,0.6000,0.45
133,1.2409,0.6667,1.1446,0.6000,0.50
134,1.1454,0.7185,1.1368,0.6222,0.44
135,1.1179,0.6815,1.1369,0.6000,0.48
136,1.0420,0.7185,1.1239,0.6222,0.60
137,1.0188,0.6667,1.1120,0.6222,0.56
138,1.0698,0.7111,1.1031,0.6222,0.44
139,1.1552,0.7185,1.1052,0.6222,0.43
140,1.1359,0.6519,1.0870,0.6000,0.43
141,1.1010,0.7185,1.0858,0.6222,0.55
142,1.1449,0.6963,1.0918,0.6000,0.57
143,1.0580,0.7111,1.0919,0.6222,0.64
144,1.0502,0.7333,1.0871,0.6444,0.65
145,1.0034,0.7407,1.0878,0.6444,0.61
146,1.1118,0.7630,1.0862,0.6444,0.62
147,1.2800,0.6519,1.0947,0.6444,0.43
148,0.9964,0.7259,1.1120,0.6444,0.44
149,0.9319,0.7556,1.1111,0.6222,0.43
150,1.0711,0.7111,1.1276,0.6444,0.44
151,1.0811,0.7630,1.1196,0.6222,0.44
152,0.9398,0.7481,1.1092,0.6000,0.44
153,0.9036,0.7852,1.0988,0.6000,0.42
154,0.8992,0.8296,1.0871,0.5778,0.43
155,0.9535,0.7333,1.0738,0.6222,0.46
156,0.9053,0.7407,1.0726,0.6000,0.59
157,0.8700,0.7259,1.0649,0.6222,0.62
158,0.9705,0.7926,1.0671,0.6222,0.58
159,1.1033,0.7259,1.0737,0.6222,0.59
160,0.9150,0.7407,1.0585,0.6222,0.61
161,0.9558,0.7111,1.0459,0.6444,0.60
162,0.8820,0.7852,1.0530,0.6222,0.48
163,0.8980,0.7407,1.0372,0.6444,0.48
164,0.9179,0.8074,1.0359,0.6667,0.48
165,0.9842,0.8074,1.0283,0.6889,0.45
166,0.9323,0.7852,1.0412,0.6444,0.45
167,0.8884,0.7926,1.0406,0.6222,0.43
168,0.9651,0.7407,1.0381,0.6444,0.44
169,0.9534,0.7333,1.0440,0.6667,0.48
170,0.8277,0.7926,1.0425,0.6889,0.56
171,0.8248,0.7630,1.0325,0.6889,0.56
172,0.8918,0.7852,1.0252,0.6667,0.62
173,0.9457,0.8222,1.0263,0.6667,0.64
174,0.8881,0.7852,1.0254,0.6667,0.57
175,0.7919,0.7630,1.0219,0.6889,0.42
176,0.9797,0.7852,1.0035,0.6667,0.44
177,0.8700,0.8370,0.9895,0.6667,0.44
178,0.7717,0.7407,0.9827,0.6667,0.46
179,0.7182,0.8296,0.9801,0.6667,0.44
180,0.7409,0.7704,0.9689,0.6667,0.43
181,0.8204,0.7704,0.9744,0.6667,0.45
182,0.8457,0.8074,0.9763,0.6667,0.44
183,0.7766,0.8000,0.9708,0.6889,0.47
184,0.8179,0.8000,0.9717,0.6667,0.59
185,0.8609,0.7556,0.9765,0.6667,0.55
186,0.9329,0.7852,0.9717,0.6667,0.56
187,0.8446,0.7630,0.9729,0.6889,0.57
188,0.7523,0.8074,0.9736,0.7111,0.56
189,0.6815,0.8593,0.9719,0.6889,0.54
190,0.7541,0.8296,0.9703,0.6889,0.53
191,0.9011,0.7926,0.9740,0.6889,0.45
192,0.8047,0.8148,0.9810,0.6889,0.45
193,0.8043,0.8000,0.9821,0.6889,0.45
194,0.8738,0.8148,0.9759,0.7111,0.44
195,0.8120,0.8148,0.9689,0.6889,0.43
196,0.9735,0.8148,0.9759,0.6889,0.43
197,0.6374,0.8519,0.9913,0.6889,0.43
198,0.6820,0.8444,0.9921,0.7111,0.49
199,0.7561,0.8000,0.9835,0.7111,0.64
200,0.7617,0.9037,0.9604,0.7111,0.57
201,0.9449,0.8741,0.9620,0.7111,0.56
202,0.8749,0.8000,0.9647,0.7111,0.61
203,0.6373,0.7852,0.9523,0.7333,0.53
204,0.6913,0.8519,0.9636,0.6889,0.49
205,0.7895,0.8222,0.9562,0.7556,0.43
206,0.6760,0.8741,0.9441,0.7556,0.50
207,0.5439,0.8741,0.9295,0.7556,0.45
208,0.8515,0.8667,0.9265,0.7556,0.50
209,0.7908,0.8444,0.9314,0.7556,0.43
210,0.6409,0.8667,0.9316,0.7556,0.45
211,0.5520,0.8889,0.9152,0.7556,0.44
212,0.6096,0.8963,0.9155,0.7556,0.45
213,0.7121,0.8444,0.9158,0.7556,0.50
214,0.8543,0.8667,0.9313,0.7556,0.57
215,0.5739,0.8593,0.9305,0.7556,0.53
216,0.6079,0.8444,0.9288,0.7556,0.57
217,0.6759,0.8222,0.9325,0.7556,0.59
218,0.7413,0.8370,0.9465,0.7333,0.59
219,0.5138,0.8963,0.9406,0.7333,0.56
220,0.6192,0.8000,0.9481,0.7333,0.44
221,0.6978,0.8963,0.9475,0.7111,0.45
222,0.7502,0.8889,0.9493,0.7333,0.44
223,0.6029,0.8741,0.9687,0.6889,0.48
224,0.5391,0.8889,0.9603,0.6889,0.44
225,0.5617,0.8889,0.9677,0.6667,0.43
226,0.6520,0.8815,0.9699,0.6889,0.48
227,0.5314,0.9111,0.9609,0.7111,0.43
228,0.5528,0.8815,0.9839,0.6889,0.50
229,0.5714,0.8815,0.9829,0.7333,0.63
230,0.6681,0.8519,0.9957,0.7333,0.56
231,0.5193,0.8889,0.9977,0.7333,0.56
1,2.2007,0.1185,2.2935,0.1333,2.06
2,2.2772,0.1111,2.2295,0.1556,0.85
3,2.4290,0.1185,2.1998,0.2222,0.66
4,2.2186,0.1259,2.1954,0.2667,0.66
5,2.3933,0.1481,2.1950,0.2444,0.43
6,2.3641,0.1333,2.1861,0.2444,0.44
7,2.3087,0.1407,2.1814,0.2000,0.47
8,2.2239,0.1926,2.1575,0.2222,0.44
9,2.3865,0.1111,2.1501,0.2000,0.43
10,2.2133,0.1185,2.1375,0.2222,0.44
11,2.3895,0.1407,2.1320,0.2222,0.43
12,2.4264,0.1185,2.1215,0.2222,0.44
13,2.3208,0.1407,2.1036,0.2667,0.55
14,2.2417,0.1778,2.0954,0.2667,0.58
15,2.2327,0.1778,2.0793,0.2667,0.57
16,2.1609,0.1481,2.0709,0.2444,0.57
17,2.2585,0.1852,2.0708,0.2667,0.63
18,2.3111,0.1407,2.0472,0.2889,0.60
19,2.2080,0.1333,2.0476,0.2667,0.55
20,2.4667,0.1407,2.0228,0.2667,0.42
21,2.2991,0.1333,2.0138,0.2889,0.45
22,2.1632,0.1407,2.0046,0.2889,0.46
23,2.3739,0.1704,1.9833,0.2889,0.46
24,2.0460,0.2593,1.9755,0.2889,0.47
25,2.2962,0.1852,1.9556,0.3111,0.42
26,2.1890,0.2000,1.9538,0.3111,0.42
27,2.2783,0.1630,1.9438,0.3556,0.41
28,2.1238,0.2074,1.9273,0.3111,0.42
29,2.2455,0.1556,1.9209,0.3333,0.58
30,2.1737,0.2148,1.8961,0.3333,0.58
31,1.9637,0.2148,1.8882,0.3333,0.60
32,2.1645,0.1407,1.8838,0.3556,0.62
33,2.2628,0.2593,1.8619,0.4000,0.62
34,2.2085,0.2000,1.8554,0.4000,0.61
35,2.0255,0.2444,1.8286,0.4000,0.57
36,2.2714,0.2000,1.8188,0.4000,0.43
37,2.0322,0.3111,1.8184,0.4000,0.45
38,2.0105,0.1926,1.8011,0.4000,0.46
39,2.0712,0.2889,1.7888,0.4000,0.43
40,2.0753,0.2222,1.7697,0.4000,0.45
41,1.9821,0.2889,1.7618,0.4000,0.44
42,2.1159,0.2148,1.7580,0.4444,0.48
43,2.3198,0.2519,1.7381,0.4000,0.44
44,1.9115,0.3333,1.7329,0.4444,0.43
45,2.1271,0.2222,1.7189,0.4000,0.55
46,2.0702,0.2296,1.7099,0.4000,0.56
47,1.8423,0.2667,1.7023,0.3778,0.60
48,2.1428,0.2963,1.6901,0.3778,0.57
49,2.1563,0.3037,1.6827,0.3778,0.58
50,2.0447,0.2667,1.6640,0.4222,0.72
51,1.9612,0.2889,1.6594,0.4667,0.71
52,1.7445,0.3704,1.6529,0.4444,0.54
53,1.7235,0.3333,1.6344,0.4889,0.43
54,1.9508,0.3111,1.6303,0.4667,0.44
55,1.9095,0.2815,1.6104,0.4889,0.44
56,1.8430,0.3630,1.6148,0.4889,0.46
57,1.8617,0.3259,1.6087,0.4667,0.44
58,2.0128,0.3630,1.5892,0.4889,0.48
59,1.8176,0.3407,1.5903,0.4667,0.45
60,1.8255,0.3630,1.5734,0.4889,0.45
61,1.9803,0.3481,1.5653,0.5111,0.52
62,1.8212,0.4148,1.5617,0.5111,0.55
63,1.9632,0.2963,1.5380,0.5333,0.57
64,1.8209,0.3259,1.5410,0.4889,0.55
65,2.0162,0.2889,1.5232,0.5556,0.58
66,1.6620,0.4519,1.5142,0.5333,0.58
67,1.6696,0.4296,1.5038,0.5333,0.61
68,1.7700,0.3926,1.4842,0.5556,0.57
69,1.7154,0.4519,1.4844,0.5333,0.56
70,1.8414,0.4074,1.4808,0.5333,0.44
71,1.6537,0.3926,1.4661,0.5556,0.52
72,1.6608,0.4000,1.4658,0.5333,0.54
73,1.7377,0.3630,1.4459,0.5778,0.45
74,1.6234,0.4519,1.4452,0.5778,0.45
75,1.5656,0.4222,1.4366,0.5333,0.53
76,1.5326,0.5185,1.4266,0.5556,0.45
77,1.5286,0.4667,1.4231,0.5778,0.45
78,1.7810,0.4370,1.4062,0.5778,0.44
79,1.5719,0.3852,1.3920,0.6000,0.54
80,1.9150,0.4741,1.3705,0.5778,0.54
81,1.5054,0.4815,1.3724,0.6444,0.55
82,1.6710,0.4667,1.3708,0.6222,0.56
83,1.5254,0.4889,1.3577,0.5778,0.62
84,1.6374,0.4963,1.3555,0.6222,0.61
85,1.6215,0.4593,1.3362,0.6222,0.56
86,1.7353,0.4593,1.3332,0.6222,0.46
87,1.4720,0.4815,1.3243,0.6222,0.45
88,1.4422,0.5259,1.3058,0.6000,0.45
89,1.6719,0.4444,1.3014,0.6444,0.46
90,1.6400,0.4667,1.2804,0.6444,0.50
91,1.4816,0.5111,1.2785,0.6444,0.46
92,1.4174,0.4889,1.2689,0.6444,0.48
93,1.6273,0.4815,1.2483,0.6444,0.47
94,1.3354,0.5556,1.2443,0.6667,0.45
95,1.5966,0.5037,1.2421,0.6444,0.53
96,1.4761,0.5111,1.2423,0.6000,0.60
97,1.3268,0.5778,1.2394,0.6222,0.55
98,1.5758,0.4815,1.2379,0.6000,0.58
99,1.4447,0.5037,1.2386,0.5778,0.54
100,1.3494,0.5259,1.2360,0.6000,0.59
101,1.6363,0.5185,1.2354,0.6000,0.58
102,1.5286,0.5185,1.2254,0.6222,0.46
103,1.5108,0.4741,1.2122,0.6444,0.44
104,1.5222,0.5852,1.2160,0.6667,0.46
105,1.3903,0.5111,1.1968,0.6889,0.50
106,1.4263,0.6000,1.1939,0.6889,0.43
107,1.6053,0.4444,1.1943,0.6667,0.43
108,1.4569,0.5407,1.1787,0.6667,0.45
109,1.1443,0.6370,1.1740,0.6444,0.43
110,1.1885,0.6741,1.1639,0.6667,0.46
111,1.3536,0.5556,1.1590,0.6667,0.53
112,1.5226,0.6148,1.1587,0.6667,0.54
113,1.5279,0.5704,1.1571,0.6444,0.55
114,1.2974,0.6000,1.1563,0.6444,0.60
115,1.4407,0.5333,1.1479,0.6444,0.60
116,1.4035,0.6000,1.1437,0.6444,0.59
117,1.2718,0.6519,1.1469,0.6444,0.57
118,1.3035,0.6444,1.1360,0.6667,0.48
119,1.4239,0.5852,1.1429,0.6667,0.44
120,1.2141,0.6000,1.1352,0.6444,0.44
121,1.1352,0.6370,1.1269,0.6444,0.46
122,1.3254,0.6667,1.1267,0.6667,0.45
123,1.2100,0.6593,1.1242,0.6667,0.45
124,1.3549,0.6222,1.1247,0.6222,0.42
125,1.3072,0.6148,1.1156,0.6222,0.43
126,1.2337,0.6222,1.1155,0.6222,0.42
127,1.1678,0.6370,1.1213,0.6222,0.52
128,1.0478,0.6519,1.1199,0.6222,0.58
129,1.3086,0.6444,1.1140,0.6222,0.56
130,1.1940,0.7037,1.1102,0.6222,0.60
131,1.4468,0.6370,1.1204,0.6222,0.61
132,1.1540,0.6963,1.1129,0.6222,0.61
133,1.0794,0.6444,1.0966,0.6222,0.63
134,1.1473,0.6519,1.1009,0.6222,0.49
135,1.0721,0.6519,1.0913,0.6222,0.46
136,1.2504,0.6370,1.0940,0.6222,0.44
137,1.2334,0.6148,1.0868,0.6222,0.47
138,1.3000,0.6148,1.0694,0.6444,0.44
139,1.1472,0.7111,1.0649,0.6444,0.44
140,1.0311,0.7037,1.0561,0.6667,0.44
141,1.1984,0.6000,1.0625,0.6667,0.45
142,1.1379,0.6963,1.0672,0.6667,0.46
143,1.1166,0.6963,1.0615,0.6667,0.47
144,1.2291,0.6519,1.0681,0.6667,0.58
145,1.1483,0.7037,1.0712,0.6444,0.58
146,1.1228,0.6741,1.0564,0.6444,0.58
147,1.0944,0.6519,1.0661,0.6444,0.57
148,1.0114,0.7037,1.0590,0.6444,0.57
149,1.1235,0.6444,1.0602,0.6444,0.55
150,1.0417,0.7407,1.0599,0.6444,0.61
151,1.0804,0.6741,1.0646,0.6222,0.43
152,1.1097,0.6963,1.0693,0.6222,0.43
153,0.9696,0.6889,1.0626,0.6222,0.48
154,1.0068,0.7407,1.0657,0.6222,0.44
155,1.1739,0.7407,1.0536,0.6222,0.43
156,0.9733,0.7556,1.0472,0.6222,0.44
157,1.0389,0.7778,1.0433,0.6444,0.45
158,0.9180,0.7630,1.0265,0.6222,0.42
159,1.3079,0.6667,1.0301,0.6222,0.46
160,1.0237,0.7037,1.0218,0.6222,0.57
161,0.7428,0.7556,1.0134,0.6444,0.58
162,0.9138,0.7926,1.0118,0.6222,0.63
163,1.0165,0.7111,1.0379,0.6222,0.56
164,1.0857,0.7333,1.0488,0.5778,0.57
165,0.8319,0.7185,1.0475,0.5778,0.56
166,1.1148,0.6667,1.0350,0.6000,0.57
167,0.9755,0.7704,1.0212,0.6000,0.58
168,0.8426,0.7481,1.0034,0.6000,0.46
169,0.9944,0.7778,0.9996,0.6000,0.45
170,0.9288,0.7926,1.0074,0.6222,0.48
171,0.7960,0.8148,1.0139,0.6000,0.43
172,0.8266,0.8074,0.9970,0.6444,0.43
173,0.8819,0.8000,0.9710,0.6444,0.46
174,1.0021,0.7556,0.9797,0.6444,0.43
175,0.8339,0.8000,0.9625,0.6667,0.46
176,0.8747,0.8370,0.9528,0.6667,0.58
177,1.0520,0.7407,0.9529,0.6667,0.59
178,1.0250,0.7778,0.9339,0.6667,0.57
179,0.7958,0.8593,0.9481,0.6667,0.61
180,0.7735,0.8074,0.9543,0.6667,0.56
181,0.8665,0.8148,0.9436,0.6667,0.55
182,0.7756,0.8222,0.9497,0.6889,0.53
183,0.8419,0.7259,0.9475,0.7111,0.49
184,0.8225,0.7778,0.9535,0.6667,0.44
185,0.8854,0.8222,0.9356,0.7111,0.46
186,1.0699,0.8148,0.9403,0.7111,0.53
187,0.8526,0.8593,0.9310,0.7111,0.50
188,1.0308,0.7704,0.9154,0.6889,0.46
189,0.7782,0.8370,0.9216,0.6889,0.43
190,0.7993,0.7630,0.9197,0.6889,0.43
191,0.7484,0.8296,0.9205,0.7111,0.42
192,0.8735,0.8000,0.9256,0.7111,0.53
193,0.6816,0.8296,0.9228,0.7111,0.57
194,0.7295,0.8296,0.9312,0.6667,0.56
195,0.8425,0.8444,0.9295,0.6444,0.55
196,0.7809,0.8000,0.9312,0.6444,0.61
197,0.8521,0.8222,0.9181,0.6667,0.64
198,0.7786,0.8370,0.9105,0.6889,0.57
199,0.7967,0.7704,0.9102,0.6667,0.59
200,0.7636,0.8370,0.9261,0.6667,0.45
201,0.6712,0.8370,0.9151,0.6444,0.56
202,0.7782,0.8519,0.9114,0.6667,0.55
203,0.7272,0.7926,0.9111,0.6444,0.46
204,0.6587,0.8074,0.9073,0.6667,0.46
205,0.6113,0.8444,0.9054,0.6444,0.48
206,0.7529,0.8296,0.9054,0.6444,0.45
207,0.7687,0.8148,0.8815,0.6222,0.43
208,0.6807,0.8444,0.8870,0.6444,0.43
209,0.7955,0.7778,0.8801,0.6667,0.44
210,0.5930,0.8444,0.8748,0.6667,0.44
211,0.6393,0.8667,0.8864,0.6444,0.56
212,0.5270,0.8889,0.9011,0.6222,0.56
213,0.6069,0.8444,0.9136,0.6444,0.56
214,0.6640,0.8741,0.9247,0.6444,0.64
215,0.7717,0.8222,0.9032,0.6444,0.60
216,0.5880,0.8519,0.8883,0.6444,0.56
217,0.8179,0.8074,0.8866,0.6667,0.59
218,0.7540,0.8000,0.8546,0.6889,0.42
219,0.6605,0.8593,0.8732,0.6889,0.45
220,0.5434,0.8593,0.8770,0.6889,0.45
221,0.6162,0.8815,0.8735,0.6667,0.46
222,0.8081,0.8593,0.8566,0.6889,0.47
223,0.6221,0.8741,0.8698,0.6667,0.45
224,0.6516,0.9037,0.8871,0.6667,0.45
225,0.6436,0.8667,0.9140,0.6667,0.43
226,0.7021,0.8074,0.9365,0.6444,0.41
227,0.6038,0.9037,0.9481,0.6444,0.53
228,0.7314,0.9185,0.9871,0.6444,0.55
229,0.4252,0.9259,0.9563,0.6667,0.60
230,0.5582,0.8889,0.9786,0.6667,0.57
231,0.6142,0.8667,0.9706,0.6667,0.64
232,0.4973,0.8963,0.9593,0.6667,0.58
233,0.4847,0.8741,0.9480,0.6667,0.57
234,0.6919,0.8370,0.9326,0.6667,0.55
235,0.5538,0.8815,0.8971,0.6444,0.45
236,0.6187,0.9185,0.8726,0.6222,0.50
237,0.4581,0.9259,0.8643,0.6444,0.46
238,0.6011,0.8593,0.8782,0.6444,0.46
1,2.3095,0.1111,2.3031,0.0667,1.11
2,2.4198,0.1037,2.3016,0.0889,0.53
3,2.4391,0.1630,2.2963,0.1333,0.47
4,2.3407,0.1111,2.2932,0.1556,0.54
5,2.5509,0.0889,2.2905,0.1556,0.62
6,2.6753,0.0815,2.2945,0.1556,0.55
7,2.5009,0.1259,2.2898,0.1556,0.62
8,2.2369,0.1111,2.2706,0.1556,0.64
9,2.4910,0.1037,2.2717,0.1556,0.64
10,2.4689,0.1630,2.2510,0.1556,0.58
11,2.2053,0.1704,2.2427,0.1778,0.58
12,2.5799,0.1481,2.2386,0.1778,0.48
13,2.4313,0.1185,2.2124,0.1778,0.45
14,2.4481,0.1259,2.2093,0.2000,0.45
15,2.4541,0.1333,2.1727,0.1778,0.49
16,2.5081,0.1259,2.1673,0.1778,0.46
17,2.5528,0.1259,2.1649,0.2222,0.45
18,2.7000,0.0889,2.1409,0.2222,0.48
19,2.2461,0.1778,2.1397,0.2222,0.50
20,2.4385,0.1481,2.1101,0.2222,0.43
21,2.3251,0.1704,2.1059,0.2444,0.54
22,2.3909,0.1407,2.1015,0.2222,0.55
23,2.1773,0.1704,2.0657,0.2444,0.57
24,2.3448,0.1481,2.0587,0.2444,0.63
25,2.3709,0.1704,2.0362,0.2667,0.60
26,2.2911,0.1852,2.0255,0.2444,0.59
27,2.1755,0.2148,2.0243,0.2222,0.60
28,2.2852,0.1926,1.9934,0.2889,0.53
29,2.1745,0.1333,1.9830,0.2889,0.47
30,1.9975,0.2370,1.9598,0.2444,0.46
31,2.2019,0.1704,1.9445,0.2889,0.46
32,2.0068,0.2074,1.9362,0.3333,0.52
33,2.3165,0.1333,1.9092,0.2667,0.45
34,2.0768,0.2519,1.9051,0.3556,0.45
35,2.2211,0.2519,1.8816,0.3556,0.42
36,2.0893,0.1926,1.8800,0.3333,0.45
37,1.9816,0.2370,1.8767,0.3333,0.51
38,2.1497,0.2296,1.8509,0.3111,0.56
39,2.0717,0.2370,1.8432,0.3556,0.59
40,2.0448,0.2148,1.8149,0.3778,0.60
41,2.2252,0.2148,1.8116,0.3333,0.61
42,2.1207,0.2296,1.8034,0.3111,0.63
43,2.0855,0.2296,1.7713,0.3556,0.59
44,1.9748,0.2815,1.7655,0.3778,0.53
45,2.0799,0.2963,1.7427,0.4000,0.44
46,1.9122,0.2889,1.7371,0.4000,0.44
47,2.0437,0.2444,1.7180,0.4000,0.44
48,2.0755,0.2519,1.6995,0.4000,0.44
49,2.0698,0.2815,1.7039,0.4000,0.46
50,1.8726,0.3333,1.6868,0.3778,0.43
51,1.7186,0.3556,1.6758,0.3778,0.43
52,1.9474,0.3407,1.6670,0.4000,0.44
53,2.0303,0.3111,1.6402,0.4000,0.46
54,1.7606,0.3407,1.6352,0.3778,0.58
55,1.9390,0.3259,1.6132,0.4000,0.63
56,1.9834,0.3185,1.6112,0.4000,0.58
57,2.0535,0.2889,1.6091,0.4222,0.59
58,1.9768,0.3407,1.5843,0.4222,0.56
59,1.8934,0.3407,1.5857,0.4222,0.58
60,1.9907,0.3704,1.5732,0.4667,0.60
61,1.7353,0.3926,1.5628,0.4444,0.62
62,1.7022,0.4296,1.5596,0.4222,0.43
63,1.9631,0.2889,1.5476,0.4667,0.43
64,1.8145,0.4444,1.5461,0.4667,0.45
65,1.7348,0.3852,1.5303,0.4444,0.45
66,1.6783,0.3407,1.5240,0.4667,0.50
67,1.8694,0.3481,1.5168,0.4667,0.45
68,1.7115,0.4000,1.5078,0.4889,0.43
69,1.7957,0.3778,1.4994,0.5111,0.44
70,1.8667,0.4370,1.4899,0.5111,0.46
71,1.8805,0.3630,1.4809,0.5111,0.57
72,1.8999,0.3704,1.4748,0.5111,0.55
73,1.5804,0.4593,1.4656,0.5111,0.55
74,1.7552,0.4222,1.4629,0.5111,0.68
75,1.8146,0.3778,1.4340,0.4889,0.57
76,1.7597,0.3481,1.4300,0.4889,0.60
77,1.7017,0.4074,1.4260,0.4889,0.59
78,1.6793,0.4667,1.4096,0.4889,0.47
79,1.5913,0.3704,1.4041,0.4889,0.44
80,1.6416,0.4667,1.3921,0.5111,0.44
81,1.6444,0.4519,1.3881,0.5111,0.44
82,1.5454,0.4444,1.3865,0.5111,0.45
83,1.6588,0.4296,1.3784,0.5111,0.45
84,1.5799,0.5037,1.3824,0.5333,0.45
85,1.5657,0.4444,1.3776,0.5111,0.43
86,1.7096,0.3926,1.3685,0.5556,0.43
87,1.4146,0.5333,1.3639,0.5556,0.55
88,1.6498,0.5333,1.3528,0.5556,0.55
89,1.6234,0.5481,1.3563,0.5333,0.56
90,1.4841,0.5407,1.3489,0.5556,0.61
91,1.4658,0.4667,1.3457,0.5333,0.62
92,1.5011,0.5259,1.3441,0.5333,0.55
93,1.3903,0.5407,1.3282,0.5778,0.56
94,1.4451,0.5407,1.3292,0.5333,0.56
95,1.4857,0.5259,1.3162,0.5778,0.56
96,1.5765,0.4519,1.3184,0.5778,0.48
97,1.3784,0.5407,1.3170,0.5556,0.45
98,1.4215,0.5556,1.3037,0.5333,0.45
99,1.4675,0.6000,1.2966,0.5778,0.46
100,1.4033,0.5333,1.2917,0.5556,0.48
101,1.4423,0.4963,1.2946,0.5556,0.44
102,1.5054,0.5185,1.2898,0.5333,0.44
103,1.3977,0.5407,1.2843,0.5333,0.43
104,1.5186,0.5481,1.2819,0.5556,0.42
105,1.7588,0.5037,1.2858,0.5556,0.60
106,1.3971,0.5333,1.2826,0.5556,0.62
107,1.3704,0.5778,1.2719,0.5333,0.54
108,1.2693,0.5704,1.2608,0.5778,0.62
109,1.4440,0.5481,1.2552,0.5556,0.59
110,1.4582,0.5778,1.2491,0.6000,0.55
111,1.2495,0.5407,1.2488,0.5778,0.56
112,1.3760,0.5852,1.2494,0.5778,0.58
113,1.3071,0.6000,1.2294,0.5778,0.54
114,1.2869,0.6222,1.2296,0.5778,0.46
115,1.3113,0.5852,1.2174,0.6000,0.45
116,1.3607,0.6148,1.2160,0.5778,0.45
117,1.2247,0.6815,1.2251,0.6000,0.47
118,1.3611,0.6519,1.2382,0.6000,0.44
119,1.1843,0.6889,1.2357,0.5778,0.46
120,1.2575,0.6741,1.2339,0.5778,0.46
121,1.4454,0.6519,1.2292,0.6000,0.48
122,1.3157,0.5778,1.2303,0.5778,0.44
123,1.1446,0.6444,1.2330,0.5778,0.58
124,1.4080,0.6370,1.2336,0.5556,0.56
125,1.1692,0.6222,1.2271,0.5556,0.59
126,1.2112,0.6222,1.2221,0.6000,0.62
127,1.2413,0.6593,1.2223,0.5778,0.61
128,1.1515,0.6889,1.2102,0.5778,0.63
129,1.2285,0.5926,1.2127,0.5778,0.65
130,1.3480,0.6296,1.1939,0.5778,0.51
131,1.1538,0.6519,1.2082,0.5778,0.49
132,1.2358,0.6963,1.2076,0.5778,0.46
133,1.0326,0.7333,1.2177,0.5778,0.45
134,1.2716,0.6000,1.2123,0.5556,0.47
135,0.9979,0.7481,1.2058,0.5778,0.42
136,1.1474,0.6815,1.2022,0.5778,0.42
137,1.1580,0.6741,1.2034,0.5778,0.45
138,0.9324,0.6444,1.1846,0.5778,0.47
139,1.1773,0.6370,1.1859,0.5778,0.54
140,1.1451,0.6815,1.1836,0.5556,0.56
141,1.0133,0.7333,1.1771,0.5556,0.55
142,1.1367,0.7185,1.1748,0.5556,0.61
143,0.9668,0.6963,1.1696,0.5556,0.64
144,1.1151,0.7037,1.1708,0.5556,0.57
145,1.0921,0.6963,1.1818,0.5556,0.57
146,1.0378,0.7111,1.1694,0.5556,0.53
147,0.9313,0.7259,1.1662,0.5556,0.42
148,0.9304,0.7259,1.1584,0.5556,0.46
149,1.1626,0.7630,1.1676,0.5556,0.46
150,0.9790,0.7111,1.1572,0.5778,0.48
151,0.9041,0.7704,1.1533,0.5778,0.48
152,1.1734,0.7259,1.1516,0.5778,0.43
153,1.0218,0.6667,1.1435,0.5778,0.42
154,1.0990,0.7111,1.1318,0.5556,0.48
155,0.9016,0.7481,1.1264,0.5556,0.43
156,1.1937,0.7037,1.1279,0.5556,0.55
157,0.8960,0.7852,1.1275,0.5556,0.54
158,1.0513,0.7407,1.1186,0.5556,0.62
159,0.9534,0.7481,1.1202,0.5556,0.57
160,1.0506,0.7333,1.1098,0.5556,0.60
161,0.8419,0.7704,1.1040,0.5556,0.57
162,0.9234,0.7556,1.1115,0.5556,0.58
163,0.8660,0.7926,1.0995,0.6000,0.52
164,0.9854,0.7111,1.1015,0.6000,0.45
165,0.7578,0.7481,1.0890,0.6222,0.44
166,0.7865,0.8222,1.0872,0.6222,0.44
167,1.0030,0.8222,1.0837,0.6000,0.45
168,1.0563,0.7556,1.0739,0.6000,0.46
169,0.9440,0.7481,1.0699,0.5778,0.46
170,0.9060,0.8000,1.0544,0.5778,0.49
171,0.8943,0.7778,1.0348,0.6000,0.43
172,0.7633,0.7926,1.0280,0.6000,0.46
173,0.7928,0.7778,1.0257,0.5778,0.58
174,0.8684,0.8074,1.0175,0.6000,0.58
175,0.7519,0.8444,1.0253,0.6222,0.57
176,0.9165,0.7407,1.0356,0.6000,0.57
177,0.7560,0.7778,1.0423,0.6000,0.62
178,0.6709,0.8370,1.0514,0.6444,0.58
179,0.8414,0.8148,1.0552,0.6222,0.60
180,0.6880,0.8593,1.0537,0.6000,0.62
181,0.7204,0.8074,1.0551,0.6222,0.45
182,0.9125,0.8000,1.0611,0.6444,0.44
183,0.9355,0.7778,1.0754,0.6444,0.44
184,0.7099,0.8074,1.0640,0.6222,0.42
185,0.7245,0.8222,1.0639,0.6222,0.45
186,0.7086,0.8370,1.0509,0.6222,0.46
187,0.8223,0.7778,1.0570,0.6222,0.48
188,0.7735,0.8370,1.0529,0.6444,0.43
189,0.7531,0.8296,1.0555,0.6444,0.44
190,0.7520,0.7481,1.0614,0.6444,0.52
191,0.7480,0.8074,1.0461,0.6444,0.58
192,0.7922,0.8370,1.0444,0.6667,0.55
193,0.6621,0.8519,1.0216,0.6667,0.60
194,0.7795,0.8519,1.0306,0.6444,0.66
1,2.5082,0.1111,2.3062,0.1556,1.32
2,2.2759,0.1111,2.2849,0.2000,0.77
3,2.3161,0.1111,2.2699,0.1778,0.67
4,2.4959,0.0963,2.2492,0.2000,0.62
5,2.5905,0.1111,2.2517,0.2000,0.46
6,2.5669,0.1185,2.2442,0.2000,0.46
7,2.4311,0.1259,2.2375,0.2000,0.43
8,2.3032,0.1778,2.2116,0.2000,0.44
9,2.4906,0.1333,2.2005,0.2000,0.43
10,2.2440,0.1481,2.1830,0.2000,0.47
11,2.1864,0.0741,2.1772,0.2000,0.45
12,2.2570,0.1333,2.1631,0.2000,0.50
13,2.3486,0.1481,2.1424,0.2000,0.55
14,2.2639,0.1111,2.1416,0.2000,0.55
15,2.4652,0.1259,2.1197,0.2000,0.58
16,2.3751,0.1259,2.1035,0.2222,0.57
17,2.3670,0.1111,2.0906,0.2222,0.59
18,2.4753,0.1111,2.0666,0.2444,0.63
19,2.2807,0.1481,2.0492,0.2444,0.64
20,2.1395,0.1481,2.0228,0.2222,0.53
21,2.2815,0.1778,2.0121,0.2222,0.43
22,2.2286,0.1926,2.0051,0.2222,0.46
23,2.4228,0.1407,1.9778,0.2222,0.47
24,2.1877,0.1926,1.9648,0.2222,0.48
25,2.0465,0.1852,1.9395,0.2444,0.44
26,2.0416,0.1926,1.9248,0.3333,0.44
27,2.3532,0.1704,1.9186,0.3333,0.45
28,2.0115,0.2074,1.8910,0.3556,0.51
29,2.1669,0.2074,1.8860,0.3778,0.51
30,2.2509,0.1778,1.8595,0.3778,0.55
31,2.1163,0.1852,1.8500,0.3778,0.57
32,2.3529,0.2074,1.8467,0.4444,0.57
33,2.1314,0.2667,1.8182,0.4222,0.62
34,1.9983,0.2593,1.8179,0.4000,0.59
35,2.0459,0.2519,1.7951,0.4222,0.63
36,1.9146,0.3185,1.7892,0.3778,0.57
37,2.1109,0.2148,1.7856,0.3778,0.57
38,1.9971,0.2519,1.7647,0.3778,0.55
39,2.0257,0.2519,1.7612,0.3778,0.44
40,1.9243,0.2148,1.7439,0.3778,0.48
41,2.0155,0.2148,1.7405,0.3778,0.46
42,1.9307,0.2963,1.7383,0.3778,0.47
43,2.0708,0.2519,1.7192,0.3778,0.49
44,2.0972,0.2593,1.7088,0.3778,0.44
45,2.0289,0.2741,1.6898,0.4000,0.43
46,1.9415,0.2667,1.6863,0.4222,0.44
47,1.8500,0.3556,1.6844,0.4000,0.47
48,1.8698,0.2667,1.6638,0.4444,0.61
49,1.8973,0.2593,1.6611,0.4444,0.63
50,2.0712,0.2741,1.6497,0.4444,0.70
51,2.0481,0.2741,1.6439,0.4667,0.55
52,2.0940,0.3704,1.6449,0.4667,0.62
53,1.8142,0.3630,1.6297,0.4667,0.60
54,1.8516,0.4000,1.6226,0.4667,0.57
55,1.7017,0.3407,1.6040,0.4667,0.59
56,1.7760,0.2741,1.5941,0.4667,0.61
57,1.8628,0.3852,1.5976,0.4444,0.47
58,1.8498,0.3333,1.5811,0.4667,0.43
59,1.7012,0.3481,1.5669,0.4667,0.50
60,1.7372,0.3630,1.5525,0.4889,0.47
61,1.7362,0.3333,1.5479,0.4889,0.43
62,1.8647,0.3852,1.5440,0.4667,0.44
63,1.7642,0.3852,1.5232,0.4889,0.44
64,1.9493,0.3259,1.5191,0.4889,0.43
65,1.9796,0.3926,1.4930,0.5111,0.43
66,1.8604,0.4296,1.4927,0.4889,0.57
67,1.5777,0.4519,1.4949,0.5111,0.57
68,1.6792,0.4296,1.4739,0.5111,0.60
69,1.7641,0.3852,1.4743,0.5111,0.64
70,1.7249,0.3778,1.4666,0.4889,0.56
71,1.7438,0.3481,1.4572,0.5111,0.61
72,1.6886,0.4074,1.4536,0.5111,0.57
73,1.8670,0.3481,1.4451,0.5111,0.62
74,1.7353,0.4074,1.4421,0.4889,0.43
75,1.8806,0.4519,1.4314,0.4889,0.45
76,1.4446,0.4889,1.4253,0.4889,0.46
77,1.6315,0.4593,1.4173,0.4889,0.48
78,1.8579,0.4593,1.4119,0.5111,0.44
79,1.5573,0.4519,1.4059,0.5111,0.44
80,1.6662,0.4889,1.4024,0.5333,0.45
81,1.4298,0.4222,1.3982,0.5333,0.44
82,1.5323,0.5259,1.3966,0.5111,0.50
83,1.5530,0.4519,1.3842,0.5111,0.57
84,1.6735,0.5481,1.3756,0.5111,0.57
85,1.5896,0.5333,1.3625,0.5333,0.59
86,1.6958,0.4667,1.3548,0.5111,0.71
87,1.6347,0.5185,1.3555,0.5111,0.58
88,1.5330,0.4741,1.3345,0.5556,0.59
89,1.5331,0.5111,1.3294,0.5556,0.58
90,1.5950,0.5259,1.3100,0.5778,0.45
91,1.6568,0.5630,1.3045,0.5778,0.45
92,1.4747,0.5111,1.2973,0.5778,0.46
93,1.3266,0.5185,1.2780,0.6222,0.51
94,1.3448,0.5926,1.2755,0.6222,0.51
95,1.3569,0.5630,1.2638,0.6222,0.46
96,1.4059,0.5704,1.2626,0.6222,0.44
97,1.5016,0.5037,1.2541,0.6222,0.42
98,1.4254,0.5630,1.2416,0.6000,0.44
99,1.2959,0.5185,1.2398,0.5778,0.48
100,1.4384,0.5407,1.2306,0.6222,0.60
101,1.2359,0.5704,1.2287,0.6222,0.56
102,1.4445,0.6000,1.2192,0.6222,0.62
103,1.4653,0.5852,1.2110,0.6222,0.62
104,1.3756,0.4667,1.2030,0.6222,0.57
105,1.2970,0.6074,1.1941,0.6000,0.58
106,1.4593,0.5630,1.1928,0.6000,0.64
107,1.3513,0.6074,1.1881,0.6222,0.62
108,1.3370,0.6074,1.1723,0.6000,0.49
109,1.4288,0.5778,1.1728,0.6000,0.45
110,1.5552,0.5704,1.1629,0.6000,0.49
111,1.2867,0.5778,1.1479,0.6222,0.46
112,1.3352,0.5926,1.1480,0.6222,0.48
113,1.3703,0.5778,1.1435,0.6222,0.43
114,1.3612,0.6296,1.1385,0.6222,0.43
115,1.3595,0.5407,1.1262,0.6444,0.43
116,1.2533,0.5407,1.1265,0.6222,0.44
117,1.1553,0.6296,1.1273,0.6222,0.52
118,1.3766,0.6741,1.1149,0.6444,0.57
119,1.1509,0.5926,1.1200,0.6444,0.63
120,1.2199,0.5852,1.1195,0.6444,0.58
121,1.3573,0.5926,1.1220,0.6000,0.62
122,1.2209,0.6815,1.1214,0.6222,0.61
123,1.1477,0.6519,1.1134,0.6222,0.55
124,1.1611,0.7037,1.1047,0.6444,0.58
125,1.1713,0.6741,1.1090,0.6222,0.47
126,1.0799,0.6074,1.1006,0.6222,0.46
127,1.0913,0.6815,1.1092,0.6222,0.47
128,1.0965,0.6815,1.1039,0.6222,0.47
129,1.0978,0.6593,1.0950,0.6444,0.43
130,1.1941,0.6296,1.0864,0.6444,0.44
131,1.1025,0.6815,1.0899,0.6000,0.44
132,1.1854,0.6222,1.0862,0.6000,0.43
133,1.0748,0.7259,1.0865,0.6222,0.42
134,1.1028,0.7111,1.0847,0.6000,0.61
135,0.9814,0.7037,1.0726,0.6000,0.55
136,1.0729,0.6444,1.0674,0.6222,0.62
137,1.0310,0.7185,1.0590,0.6222,0.60
138,1.0919,0.6593,1.0589,0.6222,0.58
139,0.9821,0.7037,1.0624,0.6222,0.60
140,1.1074,0.7037,1.0759,0.6222,0.58
141,0.9517,0.6667,1.0649,0.6000,0.53
142,1.1108,0.7185,1.0534,0.6222,0.43
143,1.0011,0.6889,1.0337,0.6444,0.43
144,0.8460,0.7630,1.0324,0.6000,0.45
145,1.0729,0.6667,1.0162,0.6000,0.48
146,1.0055,0.7333,1.0036,0.6000,0.44
147,0.9922,0.7407,0.9990,0.6000,0.44
148,0.8953,0.7185,0.9956,0.6444,0.44
149,0.9180,0.6963,1.0039,0.6222,0.45
150,0.9400,0.7111,1.0102,0.6222,0.52
151,0.9444,0.7778,1.0141,0.6222,0.62
152,0.9064,0.7778,0.9878,0.6222,0.59
153,1.0175,0.7556,0.9946,0.6444,0.59
154,0.9460,0.7481,0.9875,0.6444,0.58
155,0.8908,0.7481,0.9893,0.6667,0.55
156,0.8694,0.7407,0.9995,0.6444,0.58
157,0.9160,0.7481,1.0026,0.6444,0.61
158,1.0239,0.7259,0.9993,0.6444,0.57
159,0.7844,0.7407,0.9997,0.6444,0.52
160,0.9519,0.6815,0.9783,0.6444,0.44
161,0.9328,0.7926,0.9673,0.6444,0.45
162,1.0331,0.7704,0.9732,0.6667,0.50
163,0.9428,0.7852,0.9652,0.6222,0.44
164,0.9636,0.7778,0.9556,0.6444,0.47
165,1.0574,0.7926,0.9402,0.6889,0.48
166,0.8455,0.8000,0.9329,0.6667,0.43
167,1.1242,0.6963,0.9325,0.6444,0.43
168,0.8705,0.8074,0.9193,0.6889,0.42
169,0.7876,0.7852,0.9224,0.6667,0.55
170,0.7122,0.8074,0.9299,0.6667,0.55
171,0.8096,0.7778,0.9133,0.6667,0.64
172,0.7404,0.8222,0.9143,0.6667,0.62
173,0.9654,0.7778,0.8993,0.6889,0.60
174,0.8675,0.8074,0.9071,0.6889,0.58
175,0.9047,0.7556,0.9122,0.6667,0.59
176,0.8196,0.8074,0.9145,0.6667,0.54
177,0.6786,0.8148,0.9082,0.6889,0.43
178,0.6680,0.8519,0.9040,0.6889,0.43
179,0.9865,0.7852,0.8965,0.7111,0.48
180,0.8824,0.7926,0.9043,0.7111,0.44
181,0.8898,0.7852,0.9072,0.6889,0.44
182,1.0360,0.8296,0.9210,0.7111,0.48
183,0.7475,0.7926,0.9270,0.6889,0.42
184,0.7701,0.8000,0.9319,0.6889,0.44
185,0.7435,0.8222,0.9375,0.6000,0.44
186,0.9288,0.7926,0.9250,0.6222,0.57
187,0.8251,0.7852,0.9025,0.6222,0.59
188,0.6790,0.7704,0.8614,0.7556,0.63
189,0.6571,0.8667,0.8640,0.7333,0.57
190,0.6564,0.8667,0.8508,0.7556,0.56
191,0.7848,0.8370,0.8629,0.7556,0.54
192,0.7352,0.8519,0.8840,0.7111,0.57
193,0.6726,0.8074,0.8912,0.7111,0.59
194,0.8145,0.8889,0.8822,0.7111,0.62
195,0.6953,0.8222,0.8845,0.7111,0.56
196,0.5991,0.8963,0.8841,0.7333,0.54
197,0.7732,0.8444,0.8783,0.7556,0.43
198,0.7165,0.8593,0.8904,0.7778,0.49
199,0.7302,0.8519,0.9113,0.7333,0.45
200,0.5460,0.8741,0.9191,0.7111,0.45
201,0.6771,0.8296,0.9033,0.7333,0.45
202,0.6192,0.8667,0.9055,0.7111,0.45
203,0.8020,0.8296,0.8943,0.7111,0.43
204,0.7608,0.8148,0.8983,0.7333,0.48
205,0.6158,0.8593,0.8762,0.7778,0.46
206,0.6751,0.8444,0.8731,0.7778,0.60
207,0.8757,0.8667,0.8632,0.7556,0.55
208,0.8021,0.8148,0.8601,0.7556,0.57
209,0.7008,0.8741,0.8686,0.7556,0.58
210,0.7088,0.8370,0.8728,0.6889,0.61
1,2.5536,0.0889,2.3857,0.1778,2.39
2,2.3174,0.1407,2.3734,0.1778,0.65
3,2.4832,0.1407,2.3745,0.1333,0.45
4,2.4093,0.1185,2.3774,0.1333,0.43
5,2.4914,0.1037,2.3697,0.1556,0.49
6,2.5728,0.1111,2.3607,0.1556,0.44
7,2.4285,0.1111,2.3521,0.1778,0.44
8,2.3301,0.1556,2.3228,0.1778,0.45
9,2.4484,0.0889,2.3053,0.1778,0.43
10,2.5183,0.1407,2.2761,0.1556,0.58
11,2.3260,0.0963,2.2670,0.1556,0.60
12,2.3821,0.1111,2.2610,0.1556,0.60
13,2.4895,0.1111,2.2325,0.1556,0.56
14,2.3417,0.1185,2.2306,0.1778,0.58
15,2.4887,0.0815,2.2030,0.1778,0.61
16,2.3279,0.1185,2.1905,0.2000,0.56
17,2.3819,0.1333,2.1813,0.2000,0.59
18,2.4620,0.1037,2.1535,0.2000,0.64
19,2.2491,0.1630,2.1493,0.2000,0.54
20,2.3175,0.1778,2.1236,0.2000,0.43
21,2.2225,0.1704,2.1148,0.2889,0.44
22,2.4693,0.1037,2.1068,0.3111,0.45
23,2.2956,0.1704,2.0758,0.3111,0.50
24,2.4654,0.1481,2.0643,0.3111,0.45
25,2.1378,0.1185,2.0389,0.3111,0.45
26,2.3292,0.1111,2.0315,0.3556,0.45
27,2.1927,0.2444,2.0260,0.3778,0.46
28,2.2761,0.2593,1.9992,0.3556,0.42
29,2.3735,0.1556,1.9933,0.3556,0.57
30,2.1639,0.1333,1.9680,0.3333,0.56
31,2.2807,0.2000,1.9586,0.3778,0.57
32,2.0719,0.2296,1.9505,0.3778,0.55
33,2.1409,0.2519,1.9314,0.3778,0.62
34,2.3417,0.1926,1.9270,0.4222,0.61
35,2.2528,0.2444,1.9074,0.4222,0.60
36,2.0392,0.2667,1.9054,0.3778,0.56
37,2.0966,0.1778,1.9031,0.4000,0.57
38,1.9683,0.2815,1.8869,0.3556,0.44
39,2.2366,0.2000,1.8770,0.3778,0.46
40,2.1612,0.2815,1.8581,0.3778,0.48
41,2.0512,0.2741,1.8506,0.3778,0.46
42,2.0617,0.2296,1.8494,0.3778,0.46
43,1.9596,0.2296,1.8267,0.3556,0.47
44,2.0310,0.2889,1.8193,0.3778,0.45
45,2.0127,0.2741,1.7957,0.3778,0.47
46,2.0362,0.2889,1.7866,0.3778,0.55
47,1.9390,0.3037,1.7818,0.4000,0.54
48,1.9231,0.2296,1.7581,0.4000,0.61
49,1.8803,0.3259,1.7501,0.4222,0.56
50,2.0030,0.3481,1.7292,0.4000,0.56
51,1.9910,0.3556,1.7298,0.3778,0.62
52,1.8638,0.4000,1.7325,0.4000,0.62
53,1.7840,0.4000,1.7146,0.4000,0.51
54,1.8007,0.3333,1.7109,0.3778,0.42
55,1.8697,0.3407,1.6805,0.3778,0.48
56,1.8265,0.3407,1.6836,0.4000,0.45
57,1.9275,0.3037,1.6840,0.3778,0.45
58,1.8852,0.3111,1.6664,0.3556,0.45
59,1.8605,0.3556,1.6617,0.4000,0.45
60,1.7538,0.4148,1.6341,0.3556,0.46
61,2.1508,0.3259,1.6334,0.4000,0.49
62,1.7649,0.3556,1.6317,0.4000,0.51
63,1.8528,0.3481,1.6170,0.3778,0.65
64,1.6965,0.3926,1.6146,0.4222,0.59
65,1.8408,0.4222,1.5959,0.4444,0.55
66,1.9791,0.3407,1.5899,0.4444,0.61
67,1.6579,0.4222,1.5834,0.4667,0.58
68,1.7259,0.4444,1.5788,0.4222,0.63
69,1.6976,0.3407,1.5731,0.4444,0.68
70,1.6636,0.4222,1.5608,0.4000,0.56
71,1.6322,0.4963,1.5555,0.4444,0.47
72,1.6115,0.4815,1.5490,0.4667,0.43
73,1.8073,0.4000,1.5344,0.4889,0.45
74,1.5478,0.4222,1.5335,0.4889,0.46
75,1.6333,0.3926,1.5269,0.4222,0.44
76,1.7750,0.4444,1.5338,0.4667,0.45
77,1.4140,0.4963,1.5253,0.4889,0.47
78,1.8052,0.4741,1.5177,0.5111,0.45
79,1.6468,0.4963,1.5127,0.5111,0.43
80,1.5378,0.4593,1.5043,0.5333,0.47
81,1.5409,0.4963,1.4976,0.5333,0.55
82,1.7245,0.4296,1.4947,0.5556,0.55
83,1.5441,0.4741,1.4729,0.5333,0.56
84,1.6309,0.4963,1.4758,0.5111,0.58
85,1.5892,0.4667,1.4611,0.5333,0.79
86,1.6377,0.5037,1.4611,0.5333,0.78
87,1.4239,0.4815,1.4590,0.5556,0.58
88,1.2619,0.5704,1.4530,0.5333,0.53
89,1.6082,0.5185,1.4575,0.5333,0.45
90,1.5647,0.5185,1.4475,0.4667,0.61
91,1.4662,0.5926,1.4458,0.4667,0.78
92,1.4021,0.5333,1.4422,0.4444,0.81
93,1.5042,0.5481,1.4337,0.4667,0.52
94,1.5162,0.5556,1.4324,0.4667,0.54
95,1.3595,0.5185,1.4218,0.4667,0.46
96,1.4143,0.5926,1.4196,0.4667,0.49
97,1.4360,0.6000,1.4145,0.4667,0.43
98,1.2737,0.5630,1.3932,0.4444,0.45
99,1.4595,0.6148,1.3946,0.4444,0.44
100,1.4273,0.5630,1.3796,0.4889,0.87
101,1.3871,0.6148,1.3756,0.4889,1.28
102,1.4340,0.6148,1.3728,0.5111,1.17
103,1.3551,0.5778,1.3591,0.4667,0.64
104,1.3689,0.6370,1.3479,0.5111,1.06
105,1.2168,0.6000,1.3362,0.5556,0.49
106,1.4576,0.5481,1.3352,0.5111,0.44
107,1.2820,0.5778,1.3302,0.4889,0.61
108,1.2588,0.6000,1.3171,0.5111,0.72
109,1.3271,0.6370,1.3153,0.5333,0.69
110,1.2604,0.6074,1.2981,0.5778,0.77
111,1.3250,0.6370,1.2972,0.5556,0.83
112,1.3680,0.6148,1.2921,0.5556,0.85
113,1.1576,0.5852,1.2823,0.5778,0.82
114,1.0647,0.6519,1.2832,0.5556,0.58
115,1.0952,0.7037,1.2786,0.5556,0.54
116,1.2044,0.6741,1.2815,0.5333,0.51
117,1.1727,0.6370,1.2785,0.5333,0.51
118,1.0955,0.6148,1.2769,0.5556,0.64
119,1.2901,0.5926,1.2801,0.5333,0.53
120,1.2690,0.5778,1.2678,0.5111,0.66
121,1.2984,0.6296,1.2689,0.5111,0.69
122,1.1885,0.6815,1.2649,0.5556,0.50
123,1.1632,0.6296,1.2432,0.5556,0.48
124,1.1417,0.6741,1.2486,0.5556,0.50
125,1.2220,0.6444,1.2514,0.5333,0.51
126,1.0370,0.6667,1.2486,0.5333,0.62
127,1.1877,0.6963,1.2435,0.5556,0.74
128,1.2019,0.7037,1.2403,0.5556,0.75
129,1.1234,0.6889,1.2313,0.5333,0.98
130,1.1957,0.6963,1.2208,0.5333,0.89
131,1.0717,0.7037,1.2152,0.5333,0.65
132,1.1940,0.6519,1.2069,0.5778,0.76
133,1.0134,0.6889,1.1968,0.5778,0.73
134,1.2153,0.6667,1.1870,0.6222,0.63
135,1.0244,0.7407,1.1763,0.5778,0.56
136,0.9873,0.7926,1.1719,0.5778,0.55
137,0.9880,0.7259,1.1706,0.5778,0.59
138,1.3118,0.6889,1.1554,0.5778,0.53
139,0.9258,0.7185,1.1647,0.5778,0.56
140,1.2138,0.6889,1.1430,0.6000,0.55
141,1.0443,0.7259,1.1493,0.6000,0.49
142,1.0599,0.7037,1.1471,0.6000,0.54
143,1.1371,0.7259,1.1280,0.6222,0.58
144,1.1315,0.7630,1.1156,0.6222,0.68
145,0.9718,0.7778,1.1223,0.6222,0.47
146,0.9736,0.7407,1.1355,0.6222,0.49
147,0.9967,0.7704,1.1344,0.6222,0.64
148,1.1290,0.6444,1.1208,0.6222,0.68
149,0.9507,0.7333,1.1221,0.6222,0.72
150,1.2012,0.7259,1.1233,0.6222,0.65
151,0.9178,0.7852,1.1114,0.5778,0.73
152,0.7527,0.7852,1.1058,0.6000,0.68
153,1.0485,0.7630,1.1172,0.6222,0.72
154,0.8547,0.7407,1.1036,0.6222,0.70
155,0.8651,0.7259,1.0861,0.6222,0.79
156,1.0819,0.7778,1.0791,0.6444,0.75
157,0.9457,0.7481,1.0734,0.6444,0.56
158,0.9618,0.7926,1.0556,0.6444,0.51
159,0.9743,0.7481,1.0513,0.6889,0.46
160,0.8939,0.8222,1.0381,0.7111,0.45
161,0.8433,0.7926,1.0275,0.6889,0.49
162,0.9229,0.7704,1.0264,0.6889,0.46
163,0.8629,0.7926,1.0201,0.6667,0.46
164,0.9671,0.7556,1.0184,0.6667,0.44
165,0.7882,0.7852,1.0195,0.6667,0.44
166,1.0468,0.7704,1.0118,0.6667,0.53
167,0.9329,0.7778,1.0032,0.6667,0.59
168,0.8977,0.7852,0.9923,0.6889,0.57
169,0.7548,0.8296,0.9911,0.6889,0.64
170,0.7897,0.8222,0.9722,0.6889,0.64
171,0.7958,0.7852,0.9655,0.6889,0.58
172,0.7551,0.8815,0.9709,0.6889,0.61
173,0.7568,0.7704,0.9505,0.6667,0.60
174,0.8765,0.8370,0.9625,0.6667,0.62
175,0.8546,0.8074,0.9548,0.6889,0.60
176,0.7478,0.8148,0.9479,0.6889,0.59
177,0.6514,0.8519,0.9430,0.6889,0.58
178,0.6410,0.8222,0.9193,0.7111,0.49
179,0.8149,0.8074,0.9127,0.7111,0.45
180,0.7294,0.7852,0.9009,0.7556,0.44
181,0.7641,0.8148,0.9101,0.7333,0.44
182,0.8342,0.8519,0.9134,0.7333,0.43
183,0.7163,0.8222,0.9217,0.7111,0.44
184,0.7029,0.8148,0.9197,0.7111,0.59
185,0.7374,0.8222,0.8925,0.7111,0.81
186,0.7579,0.8074,0.9012,0.7111,0.89
187,0.7157,0.8222,0.8899,0.7333,0.68
188,0.6993,0.8074,0.8696,0.7333,0.72
189,0.5946,0.8889,0.8685,0.7556,0.61
190,0.7833,0.8593,0.8644,0.7333,0.63
191,0.7964,0.8519,0.8654,0.7111,0.70
192,0.5988,0.8889,0.8706,0.7111,0.63
193,0.7943,0.8444,0.8878,0.7556,0.48
194,0.6582,0.8519,0.8912,0.7111,0.44
195,0.5215,0.8815,0.8792,0.7111,0.45
196,0.7355,0.8370,0.8780,0.6889,0.45
197,0.6540,0.8963,0.8820,0.7111,0.44
198,0.6703,0.8519,0.8781,0.7333,0.44
199,0.7580,0.8815,0.8809,0.7556,0.45
200,0.6013,0.8741,0.9025,0.7333,0.44
201,0.5430,0.9111,0.8947,0.7556,0.49
202,0.6722,0.8519,0.9024,0.6889,0.48
203,0.6964,0.8963,0.9063,0.7111,0.71
204,0.6948,0.8000,0.8946,0.7111,0.60
205,0.6659,0.8296,0.8980,0.6667,0.62
206,0.5141,0.9259,0.8932,0.7111,0.60
207,0.6074,0.8815,0.8865,0.6889,0.68
208,0.7793,0.8444,0.9000,0.6889,0.62
209,0.5749,0.8741,0.8914,0.6889,0.62
210,0.5166,0.8519,0.8829,0.6889,0.57
1,2.5946,0.1259,2.3337,0.1556,2.91
2,2.5718,0.1185,2.2889,0.1556,0.51
3,2.3960,0.1185,2.2529,0.1778,0.44
4,2.3960,0.0667,2.2550,0.1111,0.48
5,2.3667,0.1037,2.2449,0.1333,0.50
6,2.4895,0.1556,2.2390,0.0889,0.60
7,2.5291,0.1037,2.2306,0.1111,0.78
8,2.4052,0.1556,2.2137,0.1556,0.45
9,2.3675,0.0741,2.2072,0.1556,0.48
10,2.4443,0.1481,2.1820,0.2222,0.62
11,2.4272,0.1407,2.1786,0.2000,1.55
12,2.2921,0.1185,2.1764,0.2222,0.90
13,2.4881,0.1556,2.1476,0.2444,1.83
14,2.3013,0.1111,2.1472,0.2444,1.19
15,2.4510,0.1185,2.1211,0.2222,1.29
16,2.3478,0.1481,2.1097,0.2222,0.97
17,2.3384,0.1556,2.1061,0.2222,0.87
18,2.2491,0.1407,2.0825,0.2222,0.72
19,2.3391,0.1852,2.0739,0.2222,1.10
20,2.2711,0.1407,2.0470,0.2889,1.20
21,2.0885,0.1778,2.0430,0.2667,1.04
22,2.2190,0.1926,2.0427,0.2667,1.39
23,2.4047,0.1778,2.0153,0.3111,1.06
24,2.0722,0.1778,2.0102,0.2667,0.64
25,2.1558,0.1926,1.9845,0.3556,0.56
26,2.3695,0.2148,1.9781,0.3333,0.52
27,2.1525,0.1630,1.9794,0.3333,0.43
28,2.1277,0.1852,1.9453,0.3778,0.58
29,2.0391,0.2296,1.9434,0.3556,0.62
30,2.0958,0.2074,1.9180,0.3778,0.64
31,2.1066,0.2593,1.9087,0.3556,0.70
32,2.0285,0.2000,1.9096,0.3556,0.74
33,2.3049,0.2519,1.8769,0.3778,0.71
34,2.2327,0.2148,1.8807,0.3778,0.69
35,2.1045,0.1852,1.8522,0.4000,0.53
36,2.1784,0.2370,1.8496,0.4000,0.52
37,2.0262,0.2296,1.8457,0.3778,0.68
38,2.1584,0.2444,1.8175,0.4222,0.82
39,1.9719,0.2741,1.8152,0.3778,0.61
40,2.2673,0.2519,1.7903,0.4000,0.58
41,2.0360,0.2963,1.7837,0.4000,0.57
42,2.0817,0.2889,1.7783,0.4000,0.56
43,2.0913,0.2667,1.7484,0.4000,0.49
44,1.8621,0.2593,1.7469,0.4222,0.53
45,1.9717,0.2815,1.7173,0.4667,0.58
46,1.9857,0.2815,1.7235,0.4667,0.54
47,2.0337,0.3185,1.7221,0.4222,0.62
48,1.8138,0.3333,1.6980,0.4222,1.06
49,1.7568,0.3407,1.6907,0.4444,1.82
50,1.9754,0.2963,1.6659,0.4667,1.83
51,2.0245,0.2963,1.6511,0.4667,0.80
52,1.8955,0.2889,1.6432,0.4889,0.76
53,1.9461,0.3852,1.6179,0.4889,1.69
54,1.8169,0.3037,1.6081,0.4889,1.91
55,1.7529,0.3852,1.5764,0.5333,1.58
56,1.8835,0.3704,1.5761,0.5333,1.35
57,1.9528,0.4370,1.5626,0.5556,1.74
58,1.7005,0.2963,1.5376,0.5333,1.77
59,1.8584,0.3704,1.5353,0.5333,1.20
60,1.7673,0.3926,1.5086,0.5333,1.14
61,1.8071,0.3333,1.5099,0.5111,1.01
62,1.8627,0.3407,1.5033,0.5111,1.01
63,1.8455,0.4074,1.4788,0.5111,1.38
64,1.6398,0.4222,1.4736,0.5111,0.88
65,1.9023,0.4222,1.4556,0.5333,1.01
66,1.6553,0.3926,1.4558,0.5333,0.99
67,1.7387,0.3852,1.4462,0.5333,1.19
68,1.6579,0.4000,1.4246,0.5556,0.78
69,1.7175,0.3630,1.4209,0.5556,0.60
70,1.5151,0.4667,1.3960,0.6000,0.60
71,1.7596,0.4222,1.3916,0.5778,0.48
72,1.7339,0.4296,1.3856,0.5778,0.49
73,1.8638,0.3852,1.3516,0.6000,0.54
74,1.6462,0.4815,1.3440,0.6222,0.60
75,1.8792,0.3852,1.3337,0.6444,0.68
76,1.7007,0.5333,1.3359,0.6222,0.50
77,1.6251,0.4815,1.3314,0.6222,0.50
78,1.5264,0.4667,1.3224,0.6444,0.49
79,1.6374,0.4963,1.3084,0.6667,0.47
80,1.5051,0.5259,1.3018,0.6444,0.53
81,1.5823,0.4963,1.2973,0.6000,0.68
82,1.4755,0.4963,1.2902,0.6000,0.72
83,1.5099,0.4889,1.2834,0.6222,0.68
84,1.6291,0.4815,1.2694,0.6222,0.65
85,1.3124,0.5037,1.2531,0.6222,0.76
86,1.4876,0.5333,1.2487,0.6222,0.65
87,1.5143,0.5185,1.2485,0.6222,0.70
88,1.4145,0.5481,1.2370,0.6222,0.79
89,1.4428,0.6000,1.2286,0.6222,0.79
90,1.6212,0.5111,1.2240,0.6444,0.74
91,1.4046,0.5185,1.2205,0.6444,0.51
92,1.5286,0.5852,1.2169,0.6444,0.89
93,1.6478,0.4815,1.2066,0.6444,0.69
94,1.4364,0.5185,1.1938,0.6222,0.57
95,1.4803,0.5259,1.1784,0.6444,0.55
96,1.4456,0.6519,1.1845,0.6444,0.61
97,1.4330,0.6148,1.1860,0.6222,0.72
98,1.4596,0.5704,1.1792,0.6222,0.82
99,1.2608,0.6000,1.1712,0.6222,0.65
100,1.5096,0.5778,1.1572,0.6444,0.59
101,1.2649,0.6074,1.1523,0.6222,0.54
102,1.3204,0.6222,1.1511,0.6222,0.53
103,1.2385,0.6222,1.1351,0.6444,0.48
104,1.1839,0.5630,1.1356,0.6444,0.47
105,1.2435,0.6074,1.1231,0.6222,0.64
106,1.2643,0.5852,1.1138,0.6222,0.77
107,1.2726,0.5852,1.1065,0.6222,0.69
108,1.1790,0.6444,1.0993,0.6222,0.96
109,1.1708,0.6815,1.0942,0.6222,0.79
110,1.1322,0.6815,1.0963,0.6222,0.77
111,1.1688,0.6296,1.0852,0.6222,0.65
112,1.1519,0.6741,1.0798,0.6444,0.79
113,1.0779,0.6370,1.0811,0.6222,0.81
114,1.3615,0.6519,1.0723,0.6000,0.85
115,1.2292,0.6815,1.0501,0.6222,0.55
116,1.1256,0.6593,1.0437,0.6222,0.67
117,1.0275,0.7111,1.0414,0.6222,0.69
118,1.2188,0.7037,1.0279,0.6444,0.51
119,1.0282,0.6519,1.0263,0.6444,0.63
120,1.2976,0.6593,1.0168,0.6444,0.53
121,0.9939,0.6519,1.0193,0.6444,0.60
122,1.0937,0.6741,1.0171,0.6444,0.60
123,1.2162,0.6889,1.0286,0.6444,0.59
124,1.1039,0.6963,1.0263,0.6222,0.60
125,1.1624,0.7037,1.0170,0.6222,0.94
126,1.3151,0.6889,1.0193,0.6444,0.62
127,0.9174,0.7704,1.0122,0.6444,0.84
128,1.1013,0.7111,1.0052,0.6667,0.63
129,1.0665,0.7111,0.9939,0.6667,0.82
130,1.2521,0.6519,0.9908,0.6667,0.79
131,1.0726,0.6963,0.9850,0.6444,0.74
132,1.2672,0.7259,0.9802,0.6222,0.73
133,1.0514,0.6370,0.9704,0.6444,0.71
134,0.9860,0.7481,0.9722,0.6444,0.71
135,0.9081,0.7778,0.9581,0.6667,0.98
136,1.0179,0.7630,0.9625,0.6444,0.77
137,0.8895,0.7630,0.9619,0.6444,0.74
138,1.1183,0.7111,0.9657,0.6000,0.55
139,1.0373,0.7185,0.9667,0.6000,0.57
140,0.9235,0.7556,0.9523,0.6000,0.56
141,0.8729,0.8074,0.9471,0.6000,0.55
142,0.9153,0.7037,0.9524,0.6000,0.57
143,0.9217,0.7556,0.9476,0.6000,0.49
144,0.9430,0.7481,0.9525,0.6444,0.84
145,0.7950,0.7481,0.9498,0.6444,0.74
146,1.0213,0.7778,0.9504,0.6222,0.55
147,0.7804,0.8370,0.9456,0.6444,0.89
148,0.9040,0.7407,0.9448,0.6000,1.00
149,1.0266,0.7704,0.9414,0.6000,0.76
150,0.8528,0.7630,0.9420,0.6667,0.55
151,0.9393,0.7407,0.9394,0.6444,0.57
152,1.0272,0.7259,0.9344,0.6444,0.68
153,0.8816,0.7556,0.9281,0.6444,0.61
154,0.9444,0.7556,0.9245,0.6667,0.59
155,0.8771,0.8074,0.9316,0.6889,0.82
156,0.7873,0.7852,0.9352,0.6667,0.83
157,0.8179,0.8074,0.9258,0.6889,0.74
158,0.7700,0.7556,0.9230,0.7111,0.72
159,1.0968,0.8000,0.9155,0.7111,0.70
160,0.7845,0.8222,0.9118,0.7111,0.56
161,0.9665,0.8000,0.9182,0.7111,0.45
162,0.8738,0.8222,0.9093,0.7111,0.62
163,0.8623,0.8000,0.9234,0.6889,0.53
164,0.9188,0.7259,0.9111,0.6889,0.52
165,0.9145,0.8148,0.9057,0.6667,0.51
166,0.8649,0.7852,0.8966,0.6889,0.48
167,0.8043,0.8148,0.8933,0.6889,0.60
168,0.8007,0.8000,0.8892,0.7111,0.56
169,0.7059,0.8741,0.8789,0.7333,0.52
170,0.6921,0.8889,0.8589,0.7333,0.47
171,0.7791,0.7852,0.8503,0.7556,0.44
172,0.6176,0.8444,0.8507,0.7556,0.47
173,0.5864,0.8148,0.8393,0.7333,0.67
174,0.7780,0.8444,0.8432,0.7333,0.65
175,0.6831,0.8074,0.8434,0.7333,0.80
176,0.7353,0.8444,0.8348,0.7333,0.93
177,0.6756,0.8444,0.8362,0.7333,0.74
178,0.6961,0.8593,0.8251,0.7111,0.68
179,0.7335,0.8444,0.8361,0.7111,0.79
180,0.6945,0.8074,0.8468,0.7111,0.87
181,0.6153,0.8741,0.8520,0.6889,0.68
182,0.7065,0.8444,0.8471,0.6889,0.61
183,0.7476,0.8370,0.8400,0.6889,0.50
184,0.6824,0.8000,0.8320,0.6889,0.61
185,0.6026,0.8222,0.8092,0.7111,0.61
186,0.6539,0.8593,0.8058,0.7111,0.52
187,0.6090,0.9185,0.8048,0.7333,0.48
188,0.5241,0.8889,0.8125,0.7333,0.49
189,0.6208,0.8296,0.8138,0.7111,0.51
190,0.7038,0.8963,0.8241,0.7111,0.47
191,0.6980,0.8444,0.8219,0.6889,0.62
192,0.8607,0.8148,0.8053,0.7111,0.81
193,0.7084,0.8667,0.8037,0.7556,0.67
194,0.6655,0.8593,0.8086,0.7111,0.67
195,0.7147,0.8889,0.8005,0.7111,1.01
196,0.8109,0.9037,0.7983,0.7333,0.79
197,0.6895,0.8667,0.8008,0.7333,0.68
198,0.6566,0.8741,0.7965,0.8000,0.79
199,0.6842,0.9037,0.7948,0.7778,0.67
200,0.6613,0.8148,0.8078,0.7778,0.68
201,0.5294,0.8370,0.8036,0.7111,0.66
202,0.5978,0.9037,0.7988,0.7333,0.68
203,0.5801,0.8889,0.8021,0.7556,0.69
204,0.6855,0.8889,0.8027,0.6889,0.52
205,0.5804,0.8741,0.8047,0.7556,0.53
206,0.5663,0.9037,0.7927,0.7111,0.49
207,0.6619,0.8815,0.7869,0.7556,0.48
208,0.4621,0.9037,0.8006,0.7333,0.47
209,0.7364,0.8741,0.8101,0.7111,0.46
210,0.4651,0.9333,0.8323,0.7333,0.45
211,0.5044,0.8889,0.8128,0.6889,0.47
212,0.5760,0.8741,0.7985,0.7333,0.49
213,0.6190,0.8519,0.7923,0.7333,0.60
214,0.5061,0.9111,0.8064,0.7333,0.52
215,0.4578,0.8519,0.7996,0.7556,0.48
216,0.4969,0.9185,0.7999,0.7333,0.79
217,0.5231,0.9037,0.7935,0.7111,0.69
218,0.5464,0.8444,0.7821,0.7333,0.78
219,0.4704,0.9111,0.7852,0.7333,0.81
220,0.4401,0.9111,0.7870,0.7111,0.78
221,0.6007,0.9185,0.7951,0.6889,0.65
222,0.5388,0.8296,0.8041,0.6889,0.78
223,0.4060,0.9333,0.8142,0.6889,0.67
224,0.5808,0.8963,0.8059,0.6889,0.66
225,0.4808,0.8963,0.8164,0.6889,0.49
226,0.4277,0.9185,0.8036,0.6889,0.51
227,0.4453,0.9407,0.7890,0.6889,0.52
228,0.5684,0.8593,0.7836,0.6889,0.64
229,0.4419,0.9333,0.7795,0.6889,0.66
230,0.5692,0.9333,0.7794,0.6889,0.58
231,0.3924,0.9333,0.7927,0.6889,0.54
232,0.6569,0.9185,0.7934,0.6889,0.59
233,0.3759,0.9185,0.7944,0.6889,0.57
234,0.4769,0.9037,0.8046,0.6889,0.64
235,0.6048,0.9259,0.8277,0.7111,0.54
236,0.4730,0.9407,0.8220,0.6889,0.51
237,0.4784,0.9185,0.8286,0.6889,0.59
238,0.4484,0.9333,0.8389,0.6889,0.70
239,0.3746,0.9111,0.8299,0.7111,0.64
240,0.3811,0.9111,0.8285,0.7111,0.67
241,0.4179,0.9037,0.8424,0.6667,0.71
242,0.3144,0.9704,0.8371,0.6444,0.68
243,0.4997,0.9481,0.8218,0.6444,0.72
244,0.4071,0.9481,0.8164,0.6444,0.78
245,0.3687,0.9407,0.8208,0.6667,0.68
246,0.5935,0.9037,0.8276,0.6444,0.53
247,0.3628,0.9037,0.8150,0.6667,0.57
248,0.3991,0.9556,0.7917,0.7111,0.53
249,0.4764,0.8889,0.7895,0.7111,0.51
250,0.3484,0.9259,0.7735,0.7333,0.61
251,0.3315,0.9333,0.7778,0.6889,0.55
252,0.4902,0.9037,0.7785,0.6889,0.58
253,0.3581,0.9185,0.7886,0.7111,0.57
254,0.3928,0.9111,0.8007,0.7333,0.52
255,0.3643,0.9407,0.8008,0.7333,0.50
256,0.6105,0.9185,0.8006,0.7333,0.52
257,0.4266,0.9259,0.8219,0.6889,0.56
258,0.3018,0.9481,0.8160,0.6889,0.65
259,0.2639,0.9556,0.8059,0.7111,0.67
260,0.5522,0.9407,0.7954,0.7333,0.85
261,0.3055,0.9630,0.7725,0.6889,0.67
262,0.4167,0.9481,0.7728,0.7111,0.76
263,0.6228,0.9333,0.7723,0.7333,0.68
264,0.3610,0.9407,0.7727,0.7333,0.86
265,0.5004,0.9333,0.7468,0.7556,0.68
266,0.3100,0.9630,0.7261,0.7778,0.82
267,0.3727,0.9481,0.7207,0.7778,0.80
268,0.2682,0.9333,0.7186,0.7778,0.49
269,0.2903,0.9481,0.7261,0.7333,0.52
270,0.3139,0.9481,0.7351,0.7111,0.52
271,0.4825,0.9407,0.7519,0.7333,0.52
272,0.3121,0.9704,0.7632,0.7333,0.52
273,0.3642,0.9333,0.7798,0.7111,0.56
274,0.3109,0.9556,0.7766,0.7111,0.59
275,0.2668,0.9704,0.7896,0.7111,0.62
276,0.4421,0.8963,0.7822,0.7111,0.49
277,0.3262,0.9185,0.7866,0.7333,0.55
278,0.3317,0.9481,0.7971,0.7333,0.53
279,0.5031,0.9185,0.8101,0.7333,0.50
280,0.3930,0.9259,0.8156,0.7111,0.47
281,0.3442,0.9259,0.8109,0.7111,0.66
282,0.2544,0.9630,0.8047,0.7333,0.68
283,0.3616,0.9333,0.8175,0.7111,0.70
284,0.3588,0.9556,0.8164,0.7556,0.71
285,0.2326,0.9630,0.8079,0.7556,0.67
286,0.2229,0.9630,0.7929,0.7556,0.69
287,0.3570,0.9481,0.7794,0.7556,0.66
288,0.3603,0.9407,0.7831,0.7556,0.68
